003bcdb5-ace5-4474-ae37-4bf4767bcf4c,https://vnexpress.net/thoi-su,vnexpress.net,https://icon.horse/icon/vnexpress.net,WEBSITE,LIVE,NULL,FALSE,0,2023-11-17 04:51:18.169+00,78,NULL,NULL,NULL,2023-10-30 07:31:11.08+00,2023-10-30 07:31:11.08+00,TRUE,NULL,0,FALSE,NULL,TRUE,f4de6b67-0c69-4642-989f-4a6b75ab04d7
01935ddc-1472-43fe-8924-c317498f3f32,https://tienphong.vn/phap-luat/,tienphong.vn,https://icon.horse/icon/tienphong.vn,WEBSITE,LIVE,NULL,FALSE,0,2023-11-17 04:51:23.51+00,84,NULL,NULL,NULL,2023-10-30 07:31:11.101+00,2023-10-30 07:31:11.101+00,TRUE,NULL,0,FALSE,NULL,TRUE,f4de6b67-0c69-4642-989f-4a6b75ab04d7
01b92acd-1cc6-412f-8999-c76f60cf3a63,https://www.facebook.com/khanh797979,Nguyen Khanh,https://scontent-sin6-4.xx.fbcdn.net/v/t1.6435-1/104915841_1672271036267197_5822402029538519501_n.jpg?stp=cp0_dst-jpg_p40x40&_nc_cat=103&ccb=1-7&_nc_sid=7206a8&_nc_ohc=Mm2GNCp8ju8AX9_0l6k&_nc_ht=scontent-sin6-4.xx&oh=00_AfD6f2m3tQMwE4pXcTV4gVGT_2A8wxlDet8gu9ofOypVVg&oe=65191B1D,FB_ACCOUNT,LIVE,1.00064E+14,FALSE,0,2023-10-10 02:51:54.233+00,40,NULL,NULL,NULL,2023-06-12 09:56:44.909+00,2023-10-12 16:42:46.237+00,FALSE,NULL,0,FALSE,3,FALSE,NULL
026adb1f-ba19-4b81-9bc2-cffa9f20e04a,https://thethaovanhoa.vn/giai-tri.htm,thethaovanhoa.vn,https://icon.horse/icon/thethaovanhoa.vn,WEBSITE,LIVE,NULL,FALSE,0,2023-11-17 04:51:15.275+00,375,NULL,NULL,NULL,2023-10-30 07:37:11.641+00,2023-10-30 07:37:11.641+00,TRUE,NULL,0,FALSE,NULL,TRUE,a76c4bf6-735a-4ba1-a2fc-2aeb9abb322c
04bc0588-bc04-43a0-a3e8-2b86743b4673,https://vietnamnet.vn/the-gioi,vietnamnet.vn,https://icon.horse/icon/vietnamnet.vn,WEBSITE,LIVE,NULL,FALSE,0,2023-11-17 04:51:03.941+00,861,NULL,NULL,NULL,2023-10-30 07:36:19.437+00,2023-10-30 07:36:19.437+00,TRUE,NULL,0,FALSE,NULL,TRUE,d86cda15-aaae-48c3-8fab-4055ec0bd9fb
05145e44-e448-4597-8beb-9b515c622ac7,https://baotintuc.vn/van-hoa-158ct0.htm,baotintuc.vn,https://icon.horse/icon/baotintuc.vn,WEBSITE,LIVE,NULL,FALSE,0,2023-11-17 04:51:46.118+00,622,NULL,NULL,NULL,2023-10-30 07:37:11.665+00,2023-10-30 07:37:11.665+00,TRUE,NULL,0,FALSE,NULL,TRUE,a76c4bf6-735a-4ba1-a2fc-2aeb9abb322c
08dcb346-6a94-45ac-8db5-aa593c2e9b9e,https://kienthuc.net.vn/giai-tri/,kienthuc.net.vn,https://icon.horse/icon/kienthuc.net.vn,WEBSITE,LIVE,NULL,FALSE,0,2023-11-17 04:50:33.467+00,443,NULL,NULL,NULL,2023-10-30 07:37:11.666+00,2023-10-30 07:37:11.666+00,TRUE,NULL,0,FALSE,NULL,TRUE,a76c4bf6-735a-4ba1-a2fc-2aeb9abb322c
09e56ea6-6428-4b86-a3ef-76c8de55ba89,https://www.baogiaothong.vn/phap-luat.htm,baogiaothong.vn,https://icon.horse/icon/www.baogiaothong.vn,WEBSITE,LIVE,NULL,FALSE,0,2023-11-17 04:51:06.288+00,352,NULL,NULL,NULL,2023-10-30 07:31:11.107+00,2023-10-30 07:31:11.107+00,TRUE,NULL,0,FALSE,NULL,TRUE,f4de6b67-0c69-4642-989f-4a6b75ab04d7
0adfc638-8c6a-4a8b-b2e6-418d1bb0c13b,https://www.vietnamplus.vn/vanhoa.vnp,vietnamplus.vn,https://icon.horse/icon/www.vietnamplus.vn,WEBSITE,LIVE,NULL,FALSE,0,2023-11-17 04:51:28.213+00,196,NULL,NULL,NULL,2023-10-30 07:37:11.658+00,2023-10-30 07:37:11.658+00,TRUE,NULL,0,FALSE,NULL,TRUE,a76c4bf6-735a-4ba1-a2fc-2aeb9abb322c
0c346db4-2b8f-4b02-a94d-f5457b1ce138,https://plo.vn/van-hoa/,plo.vn,https://icon.horse/icon/plo.vn,WEBSITE,LIVE,NULL,FALSE,0,2023-11-17 04:51:27.339+00,253,NULL,NULL,NULL,2023-10-30 07:37:11.665+00,2023-10-30 07:37:11.665+00,TRUE,NULL,0,FALSE,NULL,TRUE,a76c4bf6-735a-4ba1-a2fc-2aeb9abb322c
0eb7c15f-e63c-46f3-941b-8a727d3d1a10,https://www.facebook.com/neuconfessions/,NEU Confessions,https://scontent-xsp1-2.xx.fbcdn.net/v/t39.30808-1/348582025_648131187345444_3802393917642874270_n.jpg?stp=c9.0.40.40a_cp0_dst-jpg_p40x40&_nc_cat=1&ccb=1-7&_nc_sid=754033&_nc_ohc=cyUueGwE-40AX8D7uQQ&_nc_ht=scontent-xsp1-2.xx&oh=00_AfD2vcrNIBFfN1qIHYUPlAyruQlkYXGQO9UxMw4s5_1rQw&oe=64FD4077,FB_PAGE,LIVE,1.00064E+14,FALSE,0,2023-10-10 02:51:54.233+00,161,NULL,NULL,NULL,2023-06-08 04:23:07.837+00,2023-10-12 16:42:44.233+00,FALSE,NULL,0,FALSE,2,FALSE,NULL
1.00001E+14,https://www.facebook.com/kiatisuk.senamuang.1,Kiatisuk Senamuang,https://scontent-hkg4-2.xx.fbcdn.net/v/t39.30808-1/328097584_906652020648800_6098376824477302861_n.jpg?stp=cp0_dst-jpg_p40x40&_nc_cat=1&ccb=1-7&_nc_sid=7206a8&_nc_ohc=VZMnOAbuMo4AX8A8W-A&_nc_ht=scontent-hkg4-2.xx&oh=00_AfDkhxVSc2q5IaiI-5BONbs72D3s4JRIDOwRwMgwggEjfw&oe=64E233FF,FB_ACCOUNT,LIVE,1.00071E+14,FALSE,0,2023-10-10 02:51:54.233+00,7,NULL,NULL,NULL,2023-05-23 17:05:44.607+00,2023-10-12 16:42:36.791+00,FALSE,NULL,0,FALSE,1,FALSE,NULL
1.00001E+14,https://www.facebook.com/trangmnguyen132,Trang Minh Nguyen,https://scontent-sin6-2.xx.fbcdn.net/v/t39.30808-1/306975778_5681029945282340_8041636854274709869_n.jpg?stp=cp0_dst-jpg_p40x40&_nc_cat=1&ccb=1-7&_nc_sid=f67be1&_nc_ohc=qaCiM1a1wEoAX84DhMd&_nc_ht=scontent-sin6-2.xx&oh=00_AfDgJymvLK5UOeb-PfcPHB90Zi-i6Ci7l-8eZtDVexWX4Q&oe=64EBF5FB,FB_ACCOUNT,LIVE,1.00071E+14,FALSE,0,2023-10-10 02:51:54.233+00,28,NULL,NULL,NULL,2023-05-23 17:05:44.629+00,2023-10-12 16:43:07.916+00,FALSE,NULL,0,FALSE,1,FALSE,NULL
1.00029E+14,https://www.facebook.com/ThaoVan.QGHN,Thảo Vân,https://scontent-sin6-3.xx.fbcdn.net/v/t39.30808-1/342197785_760543215805113_3024723037475357914_n.jpg?stp=c0.4.40.40a_cp0_dst-jpg_p40x40&_nc_cat=106&cb=99be929b-3346023f&ccb=1-7&_nc_sid=f67be1&_nc_ohc=bQDel2FUW8kAX-LJ6I3&_nc_ht=scontent-sin6-3.xx&oh=00_AfBlpSrysmtfyDBUdgbrxgFJOKBUGmUOeHOzOStsTC5szA&oe=64B0448A,FB_ACCOUNT,LIVE,1.00071E+14,FALSE,0,2023-10-10 02:51:54.233+00,4,NULL,NULL,NULL,2023-05-23 17:05:44.706+00,2023-10-12 16:43:01.392+00,FALSE,NULL,0,FALSE,1,FALSE,NULL
1.00044E+14,https://www.facebook.com/beatvn.network,Beatvn,https://scontent-sin6-2.xx.fbcdn.net/v/t39.30808-1/358409023_915038406649022_6624678748696775465_n.jpg?stp=cp0_dst-jpg_p40x40&_nc_cat=1&ccb=1-7&_nc_sid=754033&_nc_ohc=ZlwJo6dUosUAX-zBhw8&_nc_ht=scontent-sin6-2.xx&oh=00_AfCTWy_vDWVgKpN8dE3YChiZxsKW56ebczfVNv98oTIs4Q&oe=65062CA9,FB_PAGE,LIVE,1.00064E+14,FALSE,0,2023-10-10 02:51:54.233+00,718,NULL,NULL,NULL,2023-06-01 08:59:36.327+00,2023-10-12 16:42:15.343+00,FALSE,NULL,0,FALSE,2,FALSE,NULL
1.00044E+14,https://www.facebook.com/officialbinz,Binz Da Poet,https://scontent-sin6-4.xx.fbcdn.net/v/t39.30808-1/275675583_648628113293195_8273873533063978616_n.jpg?stp=cp0_dst-jpg_e15_p74x74_q65&_nc_cat=101&ccb=1-7&_nc_sid=dbb9e7&efg=eyJpIjoiYiJ9&_nc_ohc=-X_fdbucn08AX9IUFmT&_nc_ht=scontent-sin6-4.xx&oh=00_AfB-Q2tTSgbnDLhqU6F8K92-FLESSBcESH57I6MO2bFSpQ&oe=6485A431,FB_PAGE,LIVE,1.00064E+14,FALSE,0,2023-11-17 01:42:46.112+00,0,NULL,NULL,NULL,2023-06-07 09:40:49.216+00,2023-11-17 01:39:32.384+00,TRUE,NULL,0,FALSE,1,FALSE,NULL
1.00044E+14,https://www.facebook.com/masewprod,MASEW,https://scontent-sin6-2.xx.fbcdn.net/v/t39.30808-1/361649670_851053889718126_3570367896327983954_n.jpg?stp=cp0_dst-jpg_p40x40&_nc_cat=105&cb=99be929b-3346023f&ccb=1-7&_nc_sid=c6021c&_nc_ohc=j1QBihlkV9AAX85w5jE&_nc_ht=scontent-sin6-2.xx&oh=00_AfBr7poVYS8d35bxmjO7uQFbXTILM4ndWJUFldj9VLG8ig&oe=64C33187,FB_PAGE,LIVE,1.00064E+14,FALSE,0,2023-11-17 01:43:55.372+00,15,NULL,NULL,NULL,2023-06-12 10:00:11.547+00,2023-11-17 01:39:32.384+00,TRUE,NULL,0,FALSE,1,FALSE,NULL
1.00044E+14,https://www.facebook.com/daiphatthanh.sound,Đài Phát Thanh.,https://scontent-xsp1-2.xx.fbcdn.net/v/t39.30808-1/339122927_1347965006053141_1323654940389313527_n.jpg?stp=cp0_dst-jpg_p40x40&_nc_cat=1&ccb=1-7&_nc_sid=754033&_nc_ohc=TDLjit9r77QAX-CYggJ&_nc_ht=scontent-xsp1-2.xx&oh=00_AfBiIJnoGlD599E0G2AsZ6TJUs1t4cj_N0utX8niWacoRQ&oe=64FB55D1,FB_PAGE,LIVE,1.00064E+14,FALSE,0,2023-10-10 02:51:54.233+00,382,NULL,NULL,NULL,2023-06-12 09:57:15.785+00,2023-10-12 16:43:33.606+00,FALSE,NULL,0,FALSE,4,FALSE,NULL
1.00053E+14,https://www.facebook.com/MCSVN.OFFICIAL,Manchester City Supporters Club in Vietnam,https://scontent-hkg4-2.xx.fbcdn.net/v/t39.30808-1/355682770_801271394992141_3248542936194827771_n.jpg?stp=cp0_dst-jpg_p40x40&_nc_cat=1&ccb=1-7&_nc_sid=5f2048&_nc_ohc=_2n1JhDKf38AX8h6WG-&_nc_ht=scontent-hkg4-2.xx&oh=00_AfBgVdPx7YSQL2bGSA5JdSARJRINVKas_FP0AZQ5_d3e8A&oe=655BC752,FB_PAGE,LIVE,1.00064E+14,FALSE,0,2023-11-17 01:39:53.889+00,440,NULL,NULL,NULL,2023-06-07 09:42:33.75+00,2023-11-17 01:39:32.384+00,TRUE,NULL,0,FALSE,1,FALSE,NULL
1.00058E+14,https://www.facebook.com/cambongda,Cảm Bóng Đá,https://scontent-hkg4-2.xx.fbcdn.net/v/t39.30808-1/274961617_1031354217755700_9193705406630906752_n.jpg?stp=cp0_dst-jpg_e15_p74x74_q65&_nc_cat=109&ccb=1-7&_nc_sid=5fac6f&efg=eyJpIjoiYiJ9&_nc_ohc=Nh6hlD1MuLgAX8-f7zB&_nc_ht=scontent-hkg4-2.xx&oh=00_AfBmng0V97w8YgkFC5S2274JDufmOAa-vFT30Oo0D9eQ6A&oe=652AC00E,FB_PAGE,LIVE,1.00064E+14,FALSE,0,2023-10-10 02:51:54.233+00,509,NULL,NULL,NULL,2023-06-01 03:01:27.708+00,2023-10-12 16:42:21.811+00,FALSE,NULL,0,FALSE,3,FALSE,NULL
1.00064E+14,https://www.facebook.com/FCBVN1899,Barçamania Vietnam - FCBVN,https://scontent-hkg4-2.xx.fbcdn.net/v/t39.30808-1/302719395_522953776505043_5221324024180155424_n.png?stp=cp0_dst-png_p74x74&_nc_cat=109&ccb=1-7&_nc_sid=5fac6f&efg=eyJpIjoiYiJ9&_nc_ohc=wOGvHfUxT8kAX9vwRor&tn=iDQXyu-lAWVC8Uni&_nc_ht=scontent-hkg4-2.xx&oh=00_AfAgApg5cySrTYMtgtsr6a1IlcTfDEhfmXxIaYfRwNqAJQ&oe=652A7CBC,FB_PAGE,LIVE,1.00071E+14,FALSE,0,2023-10-10 02:51:54.233+00,253,NULL,NULL,NULL,2023-06-01 03:01:58.97+00,2023-10-12 16:42:14.461+00,FALSE,NULL,0,FALSE,2,FALSE,NULL
1.00064E+14,https://www.facebook.com/RapViet.VieChannel,Rap Việt - Vie Channel,https://scontent-xsp1-2.xx.fbcdn.net/v/t39.30808-1/349570839_263236222933489_6238718427819537881_n.jpg?stp=cp0_dst-jpg_p40x40&_nc_cat=1&ccb=1-7&_nc_sid=c6021c&_nc_ohc=WH6n39uBvtYAX8Om_wD&_nc_ht=scontent-xsp1-2.xx&oh=00_AfBFvak2ej1uq2UpZZn8-FTYuhszC0QJiIliYqBgi_PBgg&oe=64EAEB1A,FB_PAGE,LIVE,1.00064E+14,FALSE,0,2023-11-17 01:43:33.644+00,357,NULL,NULL,NULL,2023-06-07 09:40:34.855+00,2023-11-17 01:39:32.384+00,TRUE,NULL,0,FALSE,1,FALSE,NULL
1.00065E+14,https://www.facebook.com/vietnamedmfest,Vietnam EDM Festivals,https://scontent-sin6-2.xx.fbcdn.net/v/t39.30808-1/313418113_491940696301133_1673792210443097103_n.jpg?stp=cp0_dst-jpg_p40x40&_nc_cat=1&ccb=1-7&_nc_sid=754033&_nc_ohc=6q_5RfxOYQoAX88mwC0&_nc_ht=scontent-sin6-2.xx&oh=00_AfCGNT1QYToBo2kC9keYMpCoDlwTtxgKFT0r3RlU9j-_1A&oe=6506CB20,FB_PAGE,LIVE,1.00064E+14,FALSE,0,2023-11-17 01:40:36.774+00,79,NULL,NULL,NULL,2023-06-08 04:22:50.921+00,2023-11-17 01:39:32.384+00,TRUE,NULL,0,FALSE,1,FALSE,NULL
1.00065E+14,https://www.facebook.com/hanoi24h.com.vn,Hà Nội 24h,https://scontent-sin6-2.xx.fbcdn.net/v/t39.30808-1/347253122_764698758445332_6642913311159885625_n.jpg?stp=c0.2.40.40a_cp0_dst-jpg_p40x40&_nc_cat=1&ccb=1-7&_nc_sid=754033&_nc_ohc=qUVV773SjF0AX_JzlkZ&_nc_ht=scontent-sin6-2.xx&oh=00_AfBSMB8vpcbKtjQ8mpvY_SAE2-aezCo3dmtkb1fgTJhQFg&oe=65060287,FB_PAGE,LIVE,1.00064E+14,FALSE,0,2023-11-17 01:40:15.498+00,160,NULL,NULL,NULL,2023-06-01 09:00:51.793+00,2023-11-17 01:39:32.384+00,TRUE,NULL,0,FALSE,1,FALSE,NULL
1.00065E+14,https://www.facebook.com/thongtinchinhphu,,https://scontent-sin6-2.xx.fbcdn.net/v/t39.30808-1/255994635_259354502896004_1220698999122344491_n.jpg?stp=cp0_dst-jpg_p40x40&_nc_cat=1&ccb=1-7&_nc_sid=754033&_nc_ohc=UyCY4p6RvbkAX_T775r&_nc_ht=scontent-sin6-2.xx&oh=00_AfAXaEmzaOSZ_W3Yo5UhLvq7xNzMIYtiipl6UETL0ynhrQ&oe=6506DA60,FB_PAGE,LIVE,1.00064E+14,FALSE,0,2023-10-10 02:51:54.233+00,167,NULL,NULL,NULL,2023-06-12 09:54:08.35+00,2023-10-12 16:42:07.126+00,FALSE,NULL,0,FALSE,4,FALSE,NULL
1.00065E+14,https://www.facebook.com/LFCVN,Official Liverpool Supporters Club in Vietnam,https://scontent-sin6-3.xx.fbcdn.net/v/t39.30808-1/326537318_3690460774514073_8368354470420052263_n.png?stp=cp0_dst-png_p40x40&_nc_cat=104&ccb=1-7&_nc_sid=5f2048&_nc_ohc=7ezPXE5fVu8AX_7sZeg&_nc_ht=scontent-sin6-3.xx&oh=00_AfAOqcbKiijxd1B30HKKVxcYW9FhcDJV5aMvklTNH6Veew&oe=655C4F2E,FB_PAGE,LIVE,1.00064E+14,FALSE,0,2023-11-17 01:44:38.097+00,354,NULL,NULL,NULL,2023-06-01 03:02:29.428+00,2023-11-17 01:39:32.384+00,TRUE,NULL,0,FALSE,1,FALSE,NULL
1.00067E+14,https://www.facebook.com/pagechuithue,Chửi Thuê,https://scontent-sin6-2.xx.fbcdn.net/v/t39.30808-1/339119730_3118463495120062_3191149772593890822_n.png?stp=c0.0.40.40a_cp0_dst-png_p40x40&_nc_cat=1&ccb=1-7&_nc_sid=754033&_nc_ohc=0b_-r-B3wEgAX9UyNYM&_nc_ht=scontent-sin6-2.xx&oh=00_AfD7Fp7S5doZIQi9Uz9G6aJTuIt8UtOMwKjZP3jOUw3EGw&oe=6505C780,FB_PAGE,LIVE,1.00064E+14,FALSE,0,2023-10-10 02:51:54.233+00,301,NULL,NULL,NULL,2023-06-07 09:42:46.276+00,2023-10-12 16:42:20.62+00,FALSE,NULL,0,FALSE,1,FALSE,NULL
1.00068E+14,https://www.facebook.com/thongtinchongphandong,Thông tin chống phản động,https://scontent-sin6-4.xx.fbcdn.net/v/t39.30808-1/348218750_817824166625271_6097619566706378365_n.jpg?stp=cp0_dst-jpg_p40x40&_nc_cat=100&ccb=1-7&_nc_sid=754033&_nc_ohc=GvxETfv5j9IAX-syLAz&_nc_ht=scontent-sin6-4.xx&oh=00_AfD59gKFqUbVjBmk6BfnpVhCmoliXhnkzKeVc4xVOmt9zA&oe=65062D5E,FB_PAGE,LIVE,1.00071E+14,FALSE,0,2023-10-10 02:51:54.233+00,141,NULL,NULL,NULL,2023-06-12 10:07:15.075+00,2023-10-10 09:51:39.224+00,FALSE,NULL,0,FALSE,2,FALSE,NULL
1.00069E+14,https://www.facebook.com/TinhHoaRapViet,Rap Việt Underground,https://scontent-sin6-2.xx.fbcdn.net/v/t39.30808-1/240465775_2051094198387104_6663230005314963532_n.png?stp=cp0_dst-png_p40x40&_nc_cat=1&ccb=1-7&_nc_sid=754033&_nc_ohc=71S0Mk6zSB4AX-zxA_I&_nc_ht=scontent-sin6-2.xx&oh=00_AfC0LkpBS3Hj7PzOHTpbkin_dJU8hUMGELGo3AI0nY7J7A&oe=64F7A88D,FB_PAGE,LIVE,1.00064E+14,FALSE,0,2023-11-17 01:42:24.791+00,86,NULL,NULL,NULL,2023-06-07 09:40:23.116+00,2023-11-17 01:39:32.384+00,TRUE,NULL,0,FALSE,1,FALSE,NULL
1.00069E+14,https://www.facebook.com/TrenDuongPitch,Trên Đường Pitch,https://scontent-hkg4-2.xx.fbcdn.net/v/t39.30808-1/325766836_416285684020895_2980302073013858908_n.png?stp=cp0_dst-png_s74x74&_nc_cat=1&ccb=1-7&_nc_sid=5fac6f&efg=eyJpIjoiYiJ9&_nc_ohc=_g7HxRV8oRsAX-177Ij&_nc_ht=scontent-hkg4-2.xx&oh=00_AfBQznK4d0TpIcsJgkF-9jO0WY45IMRX-alDJjOsInAF3g&oe=6529FB34,FB_PAGE,LIVE,1.00071E+14,FALSE,0,2023-10-10 02:51:54.233+00,1422,NULL,NULL,NULL,2023-06-01 03:01:45.534+00,2023-10-12 16:43:09.197+00,FALSE,NULL,0,FALSE,3,FALSE,NULL
1.00069E+14,https://www.facebook.com/Theanh28,Theanh28 Entertainment,https://scontent-hkg4-2.xx.fbcdn.net/v/t39.30808-1/376747455_614947280820378_936053966264774603_n.png?stp=cp0_dst-png_p40x40&_nc_cat=1&ccb=1-7&_nc_sid=754033&_nc_ohc=mMpipPUMqOAAX_SMSBY&_nc_ht=scontent-hkg4-2.xx&oh=00_AfDUT4sM8gUZI9XUgxPQAmt0qtN7sHRg_HYJ9g-noJU32Q&oe=6528E101,FB_PAGE,LIVE,1.00064E+14,FALSE,0,2023-10-10 02:51:54.233+00,792,NULL,NULL,NULL,2023-06-07 09:41:55.194+00,2023-10-12 16:42:59.932+00,FALSE,NULL,0,FALSE,2,FALSE,NULL
1.0007E+14,https://www.facebook.com/tintucbinhduongnong24h,Tin Tức Bình Dương 24H,https://scontent-xsp1-3.xx.fbcdn.net/v/t39.30808-1/313405987_222232500134044_2426087996155842577_n.jpg?stp=cp0_dst-jpg_p40x40&_nc_cat=107&ccb=1-7&_nc_sid=754033&_nc_ohc=KhgGqR7Yv_4AX93MykX&_nc_ht=scontent-xsp1-3.xx&oh=00_AfDFLFy-q801Nec8SIr2EP6lQC0U2Se9IoTwh7oF0Tx8pQ&oe=64FB4E31,FB_PAGE,LIVE,1.00064E+14,FALSE,0,2023-10-10 02:51:54.233+00,51,NULL,NULL,NULL,2023-06-12 10:05:22.511+00,2023-11-15 04:40:04.969+00,FALSE,NULL,0,FALSE,1,FALSE,NULL
1.0008E+14,https://www.facebook.com/pagechigoogle.vn,Chị google,https://scontent-sin6-2.xx.fbcdn.net/v/t39.30808-1/337400405_3318050441841055_6164559124028571610_n.jpg?stp=cp0_dst-jpg_p40x40&_nc_cat=1&ccb=1-7&_nc_sid=754033&_nc_ohc=gN6qVp82OmcAX9MQHjB&_nc_ht=scontent-sin6-2.xx&oh=00_AfBU6mvCtXCQeuVX4u_ryHFfh9QHUrpUYqXjJjB6pxAszg&oe=64F640FC,FB_PAGE,LIVE,1.00064E+14,FALSE,0,2023-11-17 01:39:32.638+00,37,NULL,NULL,NULL,2023-06-08 04:23:53.39+00,2023-11-17 01:39:32.384+00,TRUE,NULL,0,FALSE,1,FALSE,NULL
1.00087E+14,https://www.facebook.com/official.parkhangseo,Park Hang Seo,https://scontent-sin6-4.xx.fbcdn.net/v/t39.30808-1/313435189_111991358388902_8967096324105086460_n.jpg?stp=c6.0.40.40a_cp0_dst-jpg_p40x40&_nc_cat=103&ccb=1-7&_nc_sid=fe8171&_nc_ohc=GtYDtA0ENnQAX954Y2M&_nc_ht=scontent-sin6-4.xx&oh=00_AfBHkGfAmRa8C7MBvfs2AnWrDZ7hKVItiPC3el8BZ4jaYQ&oe=64F59A34,FB_ACCOUNT,LIVE,1.00071E+14,FALSE,0,2023-10-10 02:51:54.233+00,6,NULL,NULL,NULL,2023-05-23 17:05:44.716+00,2023-10-12 16:42:51.398+00,FALSE,NULL,0,FALSE,1,FALSE,NULL
101f9beb-07ff-48a0-a801-2eeed278e4dc,https://www.vietnamplus.vn/chinhtri.vnp,vietnamplus.vn,https://icon.horse/icon/www.vietnamplus.vn,WEBSITE,LIVE,NULL,FALSE,0,2023-11-17 04:51:23.68+00,311,NULL,NULL,NULL,2023-10-30 07:31:11.091+00,2023-10-30 07:31:11.091+00,TRUE,NULL,0,FALSE,NULL,TRUE,f4de6b67-0c69-4642-989f-4a6b75ab04d7
108bb51d-4fb8-4a06-86bf-d2d06d568e1c,https://vietnamnet.vn/thong-tin-truyen-thong/cong-nghe,vietnamnet.vn,https://icon.horse/icon/vietnamnet.vn,WEBSITE,LIVE,NULL,FALSE,0,2023-11-17 04:51:15.941+00,162,NULL,NULL,NULL,2023-10-30 08:05:26.682+00,2023-10-30 08:05:26.682+00,TRUE,NULL,0,FALSE,NULL,TRUE,b372f16a-068c-413d-a7dd-54f3a098fdff
1.1519E+15,https://www.facebook.com/VTVMoney,VTVMoney,https://scontent-xsp1-2.xx.fbcdn.net/v/t39.30808-1/283518811_5466109343419899_8383289908395053695_n.jpg?stp=cp0_dst-jpg_p40x40&_nc_cat=1&ccb=1-7&_nc_sid=754033&_nc_ohc=L8ZzY_NAkYYAX8B2LYW&_nc_ht=scontent-xsp1-2.xx&oh=00_AfA8fUhqf6WnpE4bTQIygbRRgzLHEAWov47W8L5T7oI5YA&oe=64FCD9D9,FB_PAGE,LIVE,1.00071E+14,FALSE,0,2023-10-10 02:51:54.233+00,299,NULL,NULL,NULL,2023-05-23 17:05:44.746+00,2023-10-12 16:43:15.792+00,FALSE,NULL,0,FALSE,2,FALSE,NULL
11a0372c-b093-49d4-baa0-3019f17ad48d,https://vtc.vn/phap-luat-32.html,vtc.vn,https://icon.horse/icon/vtc.vn,WEBSITE,LIVE,NULL,FALSE,0,2023-11-17 04:51:38.519+00,234,NULL,NULL,NULL,2023-10-30 07:31:11.088+00,2023-10-30 07:31:11.088+00,TRUE,NULL,0,FALSE,NULL,TRUE,f4de6b67-0c69-4642-989f-4a6b75ab04d7
1.29897E+15,https://www.facebook.com/hannaholala1,HannahOlala,https://scontent-xsp1-2.xx.fbcdn.net/v/t39.30808-1/312820270_6319806834702929_1141449086130815042_n.jpg?stp=cp0_dst-jpg_p40x40&_nc_cat=1&ccb=1-7&_nc_sid=754033&_nc_ohc=NSouNqsVqRsAX-QFyD6&_nc_ht=scontent-xsp1-2.xx&oh=00_AfBYvQSAgtuz7cdTcjfoUiZpm4vnHvS5P5lUUHIdZ1g5bQ&oe=64FD32EF,FB_PAGE,LIVE,1.00064E+14,FALSE,0,2023-11-17 01:44:16.729+00,168,NULL,NULL,NULL,2023-05-23 17:05:44.756+00,2023-11-17 01:39:32.384+00,TRUE,NULL,0,FALSE,1,FALSE,NULL
12c9b442-9300-4e29-902e-789363f7844a,https://thethaovanhoa.vn/du-doan-bong-da.htm,thethaovanhoa.vn,https://icon.horse/icon/thethaovanhoa.vn,WEBSITE,LIVE,NULL,FALSE,0,2023-11-17 04:50:33.38+00,191,NULL,NULL,NULL,2023-10-30 07:23:22.116+00,2023-10-30 07:23:22.116+00,TRUE,NULL,0,FALSE,NULL,TRUE,9d554d49-0490-4fa0-b136-2e6a9a4276f6
13971071-b2d7-418d-9c02-cccf6b2d8804,https://laodong.vn/the-gioi,laodong.vn,https://icon.horse/icon/laodong.vn,WEBSITE,LIVE,NULL,FALSE,0,2023-11-17 04:51:01.843+00,787,NULL,NULL,NULL,2023-10-30 07:36:19.44+00,2023-10-30 07:36:19.44+00,TRUE,NULL,0,FALSE,NULL,TRUE,d86cda15-aaae-48c3-8fab-4055ec0bd9fb
14069c8b-063e-47cf-9054-d05081b71805,https://tuoitre.vn/van-hoa.htm,tuoitre.vn,https://icon.horse/icon/tuoitre.vn,WEBSITE,LIVE,NULL,FALSE,0,2023-11-17 04:51:11.521+00,263,NULL,NULL,NULL,2023-10-30 07:37:11.65+00,2023-10-30 07:37:11.65+00,TRUE,NULL,0,FALSE,NULL,TRUE,a76c4bf6-735a-4ba1-a2fc-2aeb9abb322c
1502024771,https://www.facebook.com/vukhacngoc86,Vũ Khắc Ngọc,https://scontent-sin6-4.xx.fbcdn.net/v/t39.30808-1/315562117_10222296378227314_2100634487798529534_n.jpg?stp=cp0_dst-jpg_p40x40&_nc_cat=103&ccb=1-7&_nc_sid=6e0f69&_nc_ohc=6NBkp4ZmepAAX8fwzgZ&_nc_ht=scontent-sin6-4.xx&oh=00_AfAnn1qukpaRioNk_PZ-rBpPutiUl9ZYCPEGUB0oBwKzxw&oe=65064EFE,FB_ACCOUNT,LIVE,1.00064E+14,FALSE,0,2023-10-10 02:51:54.233+00,65,NULL,NULL,NULL,2023-06-12 09:55:50.784+00,2023-10-12 16:43:18.872+00,FALSE,NULL,0,FALSE,3,FALSE,NULL
1716718551,https://www.facebook.com/baomat.hongnhung,Nguyen Hong Nhung,https://scontent-xsp1-1.xx.fbcdn.net/v/t39.30808-1/311900868_10210876430862923_5715572565285369537_n.jpg?stp=c0.0.40.40a_cp0_dst-jpg_p40x40&_nc_cat=108&ccb=1-7&_nc_sid=7206a8&_nc_ohc=zXTZiwo8xq4AX_Ehrzy&_nc_ht=scontent-xsp1-1.xx&oh=00_AfDtHiHNUL5YPxaTyQmIheRUS8QTCJ21p3oNHrZm_zJ9BQ&oe=64EABD5B,FB_ACCOUNT,LIVE,1.00071E+14,FALSE,0,2023-10-10 02:51:54.233+00,104,NULL,NULL,NULL,2023-05-23 17:06:32.839+00,2023-10-12 16:42:45.349+00,FALSE,NULL,0,FALSE,1,FALSE,NULL
1721755473,https://www.facebook.com/hoangnguyenvunhabao,Hoàng Nguyên Vũ,https://scontent-xsp1-1.xx.fbcdn.net/v/t1.6435-1/151086217_10208011547642801_4425472504579452540_n.jpg?stp=cp0_dst-jpg_p40x40&_nc_cat=103&ccb=1-7&_nc_sid=7206a8&_nc_ohc=F-mBNaic2SgAX9aUahs&_nc_ht=scontent-xsp1-1.xx&oh=00_AfBWYQLKFwxICrtzxhGYFCTC0m0AH6UskAaULQz-EEQ0Hw&oe=651D6724,FB_ACCOUNT,LIVE,1.00071E+14,FALSE,0,2023-10-10 02:51:54.233+00,39,NULL,NULL,NULL,2023-05-23 17:06:32.845+00,2023-10-12 16:42:30.844+00,FALSE,NULL,0,FALSE,1,FALSE,NULL
19406478-b1cf-437f-acdb-905c885abc51,https://www.baogiaothong.vn/the-gioi.htm,baogiaothong.vn,https://icon.horse/icon/www.baogiaothong.vn,WEBSITE,LIVE,NULL,FALSE,0,2023-11-17 04:50:33.382+00,633,NULL,NULL,NULL,2023-10-30 07:36:19.443+00,2023-10-30 07:36:19.443+00,TRUE,NULL,0,FALSE,NULL,TRUE,d86cda15-aaae-48c3-8fab-4055ec0bd9fb
1bd35f1d-ed2a-4683-8c3a-111753585ab3,https://kienthuc.net.vn/khoa-hoc-cong-nghe/,kienthuc.net.vn,https://icon.horse/icon/kienthuc.net.vn,WEBSITE,LIVE,NULL,FALSE,0,2023-11-17 04:51:06.294+00,667,NULL,NULL,NULL,2023-10-30 08:05:26.684+00,2023-10-30 08:05:26.684+00,TRUE,NULL,0,FALSE,NULL,TRUE,b372f16a-068c-413d-a7dd-54f3a098fdff
1e4f6df4-854b-45e0-9049-db916130519b,https://vnexpress.net/giai-tri,vnexpress.net,https://icon.horse/icon/vnexpress.net,WEBSITE,LIVE,NULL,FALSE,0,2023-11-17 04:51:18.967+00,394,NULL,NULL,NULL,2023-10-30 07:37:11.644+00,2023-10-30 07:37:11.644+00,TRUE,NULL,0,FALSE,NULL,TRUE,a76c4bf6-735a-4ba1-a2fc-2aeb9abb322c
2.05879E+15,https://www.facebook.com/cauthuhongson,Coach Nguyễn Hồng Sơn,https://scontent-sin6-2.xx.fbcdn.net/v/t1.6435-1/195140779_324110932725424_5382819222700274771_n.jpg?stp=cp0_dst-jpg_p40x40&_nc_cat=1&cb=99be929b-3346023f&ccb=1-7&_nc_sid=c6021c&_nc_ohc=RDWygbs1yB4AX-wILZQ&_nc_ht=scontent-sin6-2.xx&oh=00_AfAdLhMqnWoARbKd-DZtlNfhuiejlL4N_abYUhoYv6cEew&oe=64E8361D,FB_PAGE,LIVE,1.00064E+14,FALSE,0,2023-11-17 01:41:32.321+00,5,NULL,NULL,NULL,2023-05-23 17:06:37.848+00,2023-11-17 01:39:32.384+00,TRUE,NULL,0,FALSE,1,FALSE,NULL
20a8b67b-9134-417f-a5b2-c60e1f928f74,https://vtc.vn/khoa-hoc-cong-nghe-82.html,vtc.vn,https://icon.horse/icon/vtc.vn,WEBSITE,LIVE,NULL,FALSE,0,2023-11-17 04:51:17.104+00,648,NULL,NULL,NULL,2023-10-30 08:05:26.683+00,2023-10-30 08:05:26.683+00,TRUE,NULL,0,FALSE,NULL,TRUE,b372f16a-068c-413d-a7dd-54f3a098fdff
20dfd36b-b2bf-4ac3-b767-634e12b2ab0c,https://laodong.vn/van-hoa-giai-tri,laodong.vn,https://icon.horse/icon/laodong.vn,WEBSITE,LIVE,NULL,FALSE,0,2023-11-17 04:51:13.545+00,743,NULL,NULL,NULL,2023-10-30 07:37:11.651+00,2023-10-30 07:37:11.651+00,TRUE,NULL,0,FALSE,NULL,TRUE,a76c4bf6-735a-4ba1-a2fc-2aeb9abb322c
212b1291-634a-4118-b713-e8d85354b62e,https://www.24h.com.vn/the-thao-c101.html,24h.com.vn,https://icon.horse/icon/www.24h.com.vn,WEBSITE,LIVE,NULL,FALSE,0,2023-11-17 04:48:28.028+00,708,NULL,NULL,NULL,2023-10-30 07:23:22.122+00,2023-10-30 07:23:22.122+00,TRUE,NULL,0,FALSE,NULL,TRUE,9d554d49-0490-4fa0-b136-2e6a9a4276f6
23d1e891-b354-40fb-8b7b-1a5ddbac4a81,https://tienphong.vn/giai-tri/,tienphong.vn,https://icon.horse/icon/tienphong.vn,WEBSITE,LIVE,NULL,FALSE,0,2023-11-17 04:51:16.267+00,41,NULL,NULL,NULL,2023-10-30 07:37:11.663+00,2023-10-30 07:37:11.663+00,TRUE,NULL,0,FALSE,NULL,TRUE,a76c4bf6-735a-4ba1-a2fc-2aeb9abb322c
24ea2a92-29a9-4a8d-9351-ec965bc87bf3,https://baotintuc.vn/the-thao-273ct0.htm,baotintuc.vn,https://icon.horse/icon/baotintuc.vn,WEBSITE,LIVE,NULL,FALSE,0,2023-11-17 04:51:45.713+00,546,NULL,NULL,NULL,2023-10-30 07:27:15.587+00,2023-10-30 07:27:15.587+00,TRUE,NULL,0,FALSE,NULL,TRUE,9d554d49-0490-4fa0-b136-2e6a9a4276f6
260702f7-9505-441e-919e-089524b462d2,https://www.vietnamplus.vn/congnghe.vnp,vietnamplus.vn,https://icon.horse/icon/www.vietnamplus.vn,WEBSITE,LIVE,NULL,FALSE,0,2023-11-17 04:50:33.573+00,1009,NULL,NULL,NULL,2023-10-30 08:05:26.683+00,2023-10-30 08:05:26.684+00,TRUE,NULL,0,FALSE,NULL,TRUE,b372f16a-068c-413d-a7dd-54f3a098fdff
262cc48c-4c00-4c94-8c35-c7ceff7ff45a,https://vietnamnet.vn/giai-tri,vietnamnet.vn,https://icon.horse/icon/vietnamnet.vn,WEBSITE,LIVE,NULL,FALSE,0,2023-11-17 04:51:27.299+00,500,NULL,NULL,NULL,2023-10-30 07:37:11.645+00,2023-10-30 07:37:11.645+00,TRUE,NULL,0,FALSE,NULL,TRUE,a76c4bf6-735a-4ba1-a2fc-2aeb9abb322c
276d5cfe-7ee7-45e7-b532-578185f6a2dc,https://www.facebook.com/khongsocho.official,Không Sợ Chó,https://scontent-xsp1-2.xx.fbcdn.net/v/t39.30808-1/353649390_597809495777818_7919129682917051253_n.png?stp=cp0_dst-png_p40x40&_nc_cat=1&ccb=1-7&_nc_sid=754033&_nc_ohc=beuuFZnBNnYAX-YgX0u&_nc_ht=scontent-xsp1-2.xx&oh=00_AfBfN6-2x5fjpT555WOY6wBJCdbgqAWTEVbMx31ye9WaUQ&oe=64FD1F7B,FB_PAGE,LIVE,1.00064E+14,FALSE,0,2023-10-10 02:51:54.233+00,457,NULL,NULL,NULL,2023-06-01 09:01:59.005+00,2023-10-12 16:42:36.344+00,FALSE,NULL,0,FALSE,1,FALSE,NULL
283b0000-e053-420d-8cfb-cb849a2e22c1,https://dantri.com.vn/giai-tri.htm,dantri.com.vn,https://icon.horse/icon/dantri.com.vn,WEBSITE,LIVE,NULL,FALSE,0,2023-11-17 04:51:14.507+00,534,NULL,NULL,NULL,2023-10-30 07:37:11.646+00,2023-10-30 07:37:11.646+00,TRUE,NULL,0,FALSE,NULL,TRUE,a76c4bf6-735a-4ba1-a2fc-2aeb9abb322c
28a9861d-03a9-4894-a9c0-3f154ed5d6c3,https://plo.vn/the-thao/,plo.vn,https://icon.horse/icon/plo.vn,WEBSITE,LIVE,NULL,FALSE,0,2023-11-17 04:51:38.699+00,316,NULL,NULL,NULL,2023-10-30 07:23:22.122+00,2023-10-30 07:23:22.122+00,TRUE,NULL,0,FALSE,NULL,TRUE,9d554d49-0490-4fa0-b136-2e6a9a4276f6
2c5592ec-160d-4596-b778-dc6d1810fed6,https://thanhnien.vn/the-gioi.htm,thanhnien.vn,https://icon.horse/icon/thanhnien.vn,WEBSITE,LIVE,NULL,FALSE,0,2023-11-17 04:50:33.593+00,492,NULL,NULL,NULL,2023-10-30 07:36:19.441+00,2023-10-30 07:36:19.441+00,TRUE,NULL,0,FALSE,NULL,TRUE,d86cda15-aaae-48c3-8fab-4055ec0bd9fb
2df15308-fda1-487e-afe0-e01d1a900c76,https://vnexpress.net/the-gioi,vnexpress.net,https://icon.horse/icon/vnexpress.net,WEBSITE,LIVE,NULL,FALSE,0,2023-11-17 04:51:39.544+00,205,NULL,NULL,NULL,2023-10-30 07:36:19.437+00,2023-10-30 07:36:19.437+00,TRUE,NULL,0,FALSE,NULL,TRUE,d86cda15-aaae-48c3-8fab-4055ec0bd9fb
2e735811-052b-4a14-ae85-a2bceb3c2f3f,https://www.24h.com.vn/giai-tri-c731.html,24h.com.vn,https://icon.horse/icon/www.24h.com.vn,WEBSITE,LIVE,NULL,FALSE,0,2023-11-17 04:48:28.079+00,13,NULL,NULL,NULL,2023-10-30 07:37:11.647+00,2023-10-30 07:37:11.647+00,TRUE,NULL,0,FALSE,NULL,TRUE,a76c4bf6-735a-4ba1-a2fc-2aeb9abb322c
2ed73e85-b80f-4a68-845d-77b4bc0613f3,https://tienphong.vn/gioi-tre/,tienphong.vn,https://icon.horse/icon/tienphong.vn,WEBSITE,LIVE,NULL,FALSE,0,2023-11-17 04:51:27.966+00,138,NULL,NULL,NULL,2023-10-30 07:37:11.664+00,2023-10-30 07:37:11.664+00,TRUE,NULL,0,FALSE,NULL,TRUE,a76c4bf6-735a-4ba1-a2fc-2aeb9abb322c
2f89b1a6-daa6-4ee1-8a21-e451dcb4c9bb,https://kienthuc.net.vn/the-gioi/,kienthuc.net.vn,https://icon.horse/icon/kienthuc.net.vn,WEBSITE,LIVE,NULL,FALSE,0,2023-11-17 04:51:02.904+00,1038,NULL,NULL,NULL,2023-10-30 07:36:19.442+00,2023-10-30 07:36:19.442+00,TRUE,NULL,0,FALSE,NULL,TRUE,d86cda15-aaae-48c3-8fab-4055ec0bd9fb
31f4739a-5928-45bb-a800-fbae722baeec,https://vtc.vn/thoi-su-quoc-te-53.html,vtc.vn,https://icon.horse/icon/vtc.vn,WEBSITE,LIVE,NULL,FALSE,0,2023-11-17 04:51:09.097+00,708,NULL,NULL,NULL,2023-10-30 07:36:19.441+00,2023-10-30 07:36:19.441+00,TRUE,NULL,0,FALSE,NULL,TRUE,d86cda15-aaae-48c3-8fab-4055ec0bd9fb
3.26029E+14,https://www.facebook.com/fcbcivn,Penya Blaugrana Hanoi,https://scontent-sin6-2.xx.fbcdn.net/v/t39.30808-1/369745063_332951349087658_6679192910274366129_n.jpg?stp=cp0_dst-jpg_p40x40&_nc_cat=102&ccb=1-7&_nc_sid=5f2048&_nc_ohc=fEkcNFFu0bcAX9P2E8p&_nc_ht=scontent-sin6-2.xx&oh=00_AfATDD8EVvqOIqpeXKs5kGjtpC4te1Iv0WAglXJ7QX6G2g&oe=655BB927,FB_PAGE,LIVE,1.00064E+14,FALSE,0,2023-11-17 01:48:14.884+00,733,NULL,NULL,NULL,2023-05-24 08:59:14.409+00,2023-11-17 01:39:32.384+00,TRUE,NULL,0,FALSE,1,FALSE,NULL
32faa135-6163-469e-bf2c-7fc4be49259e,https://www.anninhthudo.vn/chinh-tri-xa-hoi/,anninhthudo.vn,https://icon.horse/icon/www.anninhthudo.vn,WEBSITE,LIVE,NULL,FALSE,0,2023-11-17 04:51:09.849+00,432,NULL,NULL,NULL,2023-10-30 07:31:11.096+00,2023-10-30 07:31:11.096+00,TRUE,NULL,0,FALSE,NULL,TRUE,f4de6b67-0c69-4642-989f-4a6b75ab04d7
3483e0b8-b994-44c0-a0f6-8129f25fc94b,https://www.vietnamplus.vn/thegioi.vnp,vietnamplus.vn,https://icon.horse/icon/www.vietnamplus.vn,WEBSITE,LIVE,NULL,FALSE,0,2023-11-17 04:51:25.463+00,434,NULL,NULL,NULL,2023-10-30 07:36:19.441+00,2023-10-30 07:36:19.441+00,TRUE,NULL,0,FALSE,NULL,TRUE,d86cda15-aaae-48c3-8fab-4055ec0bd9fb
35c26a27-8ccd-48b0-a466-11c424086698,https://baotintuc.vn/xa-hoi-129ct0.htm,baotintuc.vn,https://icon.horse/icon/baotintuc.vn,WEBSITE,LIVE,NULL,FALSE,0,2023-11-17 04:51:45.349+00,349,NULL,NULL,NULL,2023-10-30 07:31:11.107+00,2023-10-30 07:31:11.107+00,TRUE,NULL,0,FALSE,NULL,TRUE,f4de6b67-0c69-4642-989f-4a6b75ab04d7
35e06619-f86f-448d-9f0c-eca6d3b37a6e,https://www.baogiaothong.vn/cong-nghe.htm,baogiaothong.vn,https://icon.horse/icon/www.baogiaothong.vn,WEBSITE,LIVE,NULL,FALSE,0,2023-11-17 04:51:04.214+00,182,NULL,NULL,NULL,2023-10-30 08:05:26.684+00,2023-10-30 08:05:26.684+00,TRUE,NULL,0,FALSE,NULL,TRUE,b372f16a-068c-413d-a7dd-54f3a098fdff
35ec090a-be85-4cbb-85e8-b30d5c83c23a,https://www.vietnamplus.vn/doisong.vnp,vietnamplus.vn,https://icon.horse/icon/www.vietnamplus.vn,WEBSITE,LIVE,NULL,FALSE,0,2023-11-17 04:51:23.676+00,163,NULL,NULL,NULL,2023-10-30 07:31:11.093+00,2023-10-30 07:31:11.093+00,TRUE,NULL,0,FALSE,NULL,TRUE,f4de6b67-0c69-4642-989f-4a6b75ab04d7
3.61726E+14,https://www.facebook.com/groups/361726451351144/,Đại Học Đừng Học Đại,https://scontent-sin6-2.xx.fbcdn.net/v/t39.30808-6/362901090_317357393968444_1286848923214448578_n.png?stp=dst-jpg_s960x960&_nc_cat=1&ccb=1-7&_nc_sid=1ac024&_nc_ohc=vBJnBUFb1CwAX_uFxrg&_nc_ht=scontent-sin6-2.xx&oh=00_AfB1XvCf_9qaNvWHsUJmERfTLaSE3mioTCA27zpuUt2c6Q&oe=6505B861,FB_GROUP,LIVE,1.00071E+14,FALSE,0,2023-10-10 02:51:54.233+00,173,NULL,NULL,NULL,2023-06-07 09:43:26.026+00,2023-10-12 16:43:34.262+00,FALSE,NULL,0,FALSE,1,FALSE,NULL
372b2b22-45cd-485f-bb58-f691cac07709,https://plo.vn/an-ninh-trat-tu/,plo.vn,https://icon.horse/icon/plo.vn,WEBSITE,LIVE,NULL,FALSE,0,2023-11-17 04:51:06.11+00,284,NULL,NULL,NULL,2023-10-30 07:31:11.106+00,2023-10-30 07:31:11.106+00,TRUE,NULL,0,FALSE,NULL,TRUE,f4de6b67-0c69-4642-989f-4a6b75ab04d7
3739853a-6275-423d-89aa-29ca024ff2a1,https://tuoitre.vn/giao-duc.htm,tuoitre.vn,https://icon.horse/icon/tuoitre.vn,WEBSITE,LIVE,NULL,FALSE,0,2023-11-17 04:50:33.451+00,801,NULL,NULL,NULL,2023-10-30 08:08:04.714+00,2023-10-30 08:08:04.714+00,TRUE,NULL,0,FALSE,NULL,TRUE,c6e10daf-6ead-4066-bd93-329d003cf621
37d2d4fe-91d2-451d-9f82-d12546c4b85d,https://www.facebook.com/thuyminhVJ,Thuy  Minh VJ,https://scontent-sin6-1.xx.fbcdn.net/v/t39.30808-1/315410225_726271892203241_8344908089633893729_n.jpg?stp=c8.0.40.40a_cp0_dst-jpg_p40x40&_nc_cat=111&cb=99be929b-3346023f&ccb=1-7&_nc_sid=c6021c&_nc_ohc=6reGRsfXtqAAX9KkErh&_nc_ht=scontent-sin6-1.xx&oh=00_AfAn17Q6QXtI-ohag7q-eYcvumBV8q2CQMzLuIyDbml04Q&oe=64BDAFD8,FB_PAGE,LIVE,1.00064E+14,FALSE,0,2023-10-10 02:51:54.233+00,6,NULL,NULL,NULL,2023-05-23 17:07:04.953+00,2023-10-12 16:43:00.457+00,FALSE,NULL,0,FALSE,1,FALSE,NULL
389c3952-474e-4242-ba46-f1bdc17a19aa,https://vnexpress.net/the-thao,vnexpress.net,https://icon.horse/icon/vnexpress.net,WEBSITE,LIVE,NULL,FALSE,0,2023-11-17 04:51:43.232+00,100,NULL,NULL,NULL,2023-10-30 07:23:22.118+00,2023-10-30 07:23:22.118+00,TRUE,NULL,0,FALSE,NULL,TRUE,9d554d49-0490-4fa0-b136-2e6a9a4276f6
3add9955-5285-4b46-9ff2-a20326caa4ef,https://vietnamnet.vn/the-gioi/quan-su,vietnamnet.vn,https://icon.horse/icon/vietnamnet.vn,WEBSITE,LIVE,NULL,FALSE,0,2023-11-17 04:50:33.473+00,312,NULL,NULL,NULL,2023-10-30 07:36:19.438+00,2023-10-30 07:36:19.438+00,TRUE,NULL,0,FALSE,NULL,TRUE,d86cda15-aaae-48c3-8fab-4055ec0bd9fb
3c297057-8067-49ec-8733-bcd59613b0ac,https://tienphong.vn/hoa-hau/,tienphong.vn,https://icon.horse/icon/tienphong.vn,WEBSITE,LIVE,NULL,FALSE,0,2023-11-17 04:51:16.246+00,40,NULL,NULL,NULL,2023-10-30 07:37:11.664+00,2023-10-30 07:37:11.664+00,TRUE,NULL,0,FALSE,NULL,TRUE,a76c4bf6-735a-4ba1-a2fc-2aeb9abb322c
3c99c45b-995f-4cef-a7b7-9a173bc2f30e,https://kenh14.vn/musik.chn,kenh14.vn,https://icon.horse/icon/kenh14.vn,WEBSITE,LIVE,NULL,FALSE,0,2023-11-17 04:50:33.382+00,128,NULL,NULL,NULL,2023-10-30 07:37:11.66+00,2023-10-30 07:37:11.66+00,TRUE,NULL,0,FALSE,NULL,TRUE,a76c4bf6-735a-4ba1-a2fc-2aeb9abb322c
3cda894f-cc56-4d20-8029-82a0c0f7e01c,https://nhandan.vn/thethao/,nhandan.vn,https://icon.horse/icon/nhandan.vn,WEBSITE,LIVE,NULL,FALSE,0,2023-11-17 04:51:23.677+00,520,NULL,NULL,NULL,2023-10-30 07:23:22.122+00,2023-10-30 07:23:22.122+00,TRUE,NULL,0,FALSE,NULL,TRUE,9d554d49-0490-4fa0-b136-2e6a9a4276f6
420a577a-c5c9-4bdf-bd82-7a2a15296d4d,https://www.facebook.com/phandangnhabao,Phan Đăng,https://scontent-xsp1-3.xx.fbcdn.net/v/t39.30808-1/359722839_1417313325728993_3710515712800933722_n.jpg?stp=cp6_dst-jpg_p40x40&_nc_cat=100&ccb=1-7&_nc_sid=fe8171&_nc_ohc=b17aiwG0fwYAX8IJqXf&_nc_ht=scontent-xsp1-3.xx&oh=00_AfB2hDonKB91O5u7yU5Xz2xRQBbXfSnP_23ExzGO7zgNTA&oe=64FD3B40,FB_ACCOUNT,LIVE,1.00071E+14,FALSE,0,2023-10-10 02:51:54.233+00,26,NULL,NULL,NULL,2023-05-23 17:05:44.7+00,2023-10-12 16:42:52.572+00,FALSE,NULL,0,FALSE,1,FALSE,NULL
427a603a-1f8a-46e0-902b-9042264d107a,https://vtv.vn/phap-luat.htm,vtv.vn,https://icon.horse/icon/vtv.vn,WEBSITE,LIVE,NULL,FALSE,0,2023-11-17 04:50:33.516+00,209,NULL,NULL,NULL,2023-10-30 07:31:11.107+00,2023-10-30 07:31:11.107+00,TRUE,NULL,0,FALSE,NULL,TRUE,f4de6b67-0c69-4642-989f-4a6b75ab04d7
448698af-63b0-4d3a-a86a-9788e5326778,https://vietnamnet.vn/giao-duc,vietnamnet.vn,https://icon.horse/icon/vietnamnet.vn,WEBSITE,LIVE,NULL,FALSE,0,2023-11-17 04:50:33.485+00,435,NULL,NULL,NULL,2023-10-30 08:08:04.718+00,2023-10-30 08:08:04.718+00,TRUE,NULL,0,FALSE,NULL,TRUE,c6e10daf-6ead-4066-bd93-329d003cf621
45238e66-9e17-4b76-a56f-99971e78e460,https://vnexpress.net/so-hoa,vnexpress.net,https://icon.horse/icon/vnexpress.net,WEBSITE,LIVE,NULL,FALSE,0,2023-11-17 04:50:33.553+00,432,NULL,NULL,NULL,2023-10-30 08:05:26.682+00,2023-10-30 08:05:26.682+00,TRUE,NULL,0,FALSE,NULL,TRUE,b372f16a-068c-413d-a7dd-54f3a098fdff
4922bd07-8ecc-4aa9-80df-00797fb13a79,https://thethaovanhoa.vn/the-thao.htm,thethaovanhoa.vn,https://icon.horse/icon/thethaovanhoa.vn,WEBSITE,LIVE,NULL,FALSE,0,2023-11-17 04:50:33.334+00,274,NULL,NULL,NULL,2023-10-30 07:23:22.113+00,2023-10-30 07:23:22.113+00,TRUE,NULL,0,FALSE,NULL,TRUE,9d554d49-0490-4fa0-b136-2e6a9a4276f6
495236ee-b17d-457d-b764-f8f15ec6a2be,https://tienphong.vn/cong-nghe/,tienphong.vn,https://icon.horse/icon/tienphong.vn,WEBSITE,LIVE,NULL,FALSE,0,2023-11-17 04:51:14.344+00,48,NULL,NULL,NULL,2023-10-30 08:05:26.684+00,2023-10-30 08:05:26.684+00,TRUE,NULL,0,FALSE,NULL,TRUE,b372f16a-068c-413d-a7dd-54f3a098fdff
4a7d6b7a-acd1-4530-a8e5-3b35909bad86,https://thanhnien.vn/thoi-su/phap-luat.htm,thanhnien.vn,https://icon.horse/icon/thanhnien.vn,WEBSITE,LIVE,NULL,FALSE,0,2023-11-17 04:50:33.616+00,341,NULL,NULL,NULL,2023-10-30 07:31:11.089+00,2023-10-30 07:31:11.089+00,TRUE,NULL,0,FALSE,NULL,TRUE,f4de6b67-0c69-4642-989f-4a6b75ab04d7
500fd17b-acdc-4480-a26f-451f87dd5ecd,https://dantri.com.vn/the-gioi.htm,dantri.com.vn,https://icon.horse/icon/dantri.com.vn,WEBSITE,LIVE,NULL,FALSE,0,2023-11-17 04:50:33.554+00,530,NULL,NULL,NULL,2023-10-30 07:36:19.438+00,2023-10-30 07:36:19.438+00,TRUE,NULL,0,FALSE,NULL,TRUE,d86cda15-aaae-48c3-8fab-4055ec0bd9fb
505b588e-f08d-4cdb-85ab-f11912e668a9,https://thethaovanhoa.vn/kbiz-kpop-phim-han.htm,thethaovanhoa.vn,https://icon.horse/icon/thethaovanhoa.vn,WEBSITE,LIVE,NULL,FALSE,0,2023-11-17 04:50:33.229+00,148,NULL,NULL,NULL,2023-10-30 07:37:11.642+00,2023-10-30 07:37:11.642+00,TRUE,NULL,0,FALSE,NULL,TRUE,a76c4bf6-735a-4ba1-a2fc-2aeb9abb322c
50c2ecd8-cd42-4079-9af5-3d0ecc5e8b7e,https://eva.vn/giao-duc-c252.html,eva.vn,https://icon.horse/icon/eva.vn,WEBSITE,LIVE,NULL,FALSE,0,2023-11-17 04:49:29.068+00,38,NULL,NULL,NULL,2023-10-30 08:08:04.716+00,2023-10-30 08:08:04.716+00,TRUE,NULL,0,FALSE,NULL,TRUE,c6e10daf-6ead-4066-bd93-329d003cf621
5.19636E+14,https://www.facebook.com/hoangluanblv,Hoàng Luân,https://scontent-sin6-2.xx.fbcdn.net/v/t39.30808-1/366647071_859191472234251_9082426529974069480_n.jpg?stp=cp0_dst-jpg_e15_p74x74_q65&_nc_cat=1&ccb=1-7&_nc_sid=dbb9e7&efg=eyJpIjoiYiJ9&_nc_ohc=e6-C0Z-KNyIAX9JFt_R&_nc_ht=scontent-sin6-2.xx&oh=00_AfBpLFERWd3LpPVXzi6A2HnoreqTjuZffMy1m6_BweK-qA&oe=64F2D34B,FB_PAGE,LIVE,1.00071E+14,FALSE,0,2023-10-10 02:51:54.233+00,56,NULL,NULL,NULL,2023-05-23 17:05:05.636+00,2023-10-12 16:42:30.405+00,FALSE,NULL,0,FALSE,2,FALSE,NULL
527f5a86-44a0-4f18-8a58-31f3d4d1caf4,https://plo.vn/giao-duc/,plo.vn,https://icon.horse/icon/plo.vn,WEBSITE,LIVE,NULL,FALSE,0,2023-11-17 04:50:56.041+00,367,NULL,NULL,NULL,2023-10-30 08:08:04.716+00,2023-10-30 08:08:04.716+00,TRUE,NULL,0,FALSE,NULL,TRUE,c6e10daf-6ead-4066-bd93-329d003cf621
53e5691d-14fc-4b87-b51a-e01f9cd03baf,https://www.24h.com.vn/thoi-trang-hi-tech-c407.html,24h.com.vn,https://icon.horse/icon/www.24h.com.vn,WEBSITE,LIVE,NULL,FALSE,0,2023-11-17 04:49:29.06+00,132,NULL,NULL,NULL,2023-10-30 08:05:26.682+00,2023-10-30 08:05:26.682+00,TRUE,NULL,0,FALSE,NULL,TRUE,b372f16a-068c-413d-a7dd-54f3a098fdff
5582aae5-6efb-4e93-96e6-71e7a16a7c8a,https://www.anninhthudo.vn/giai-tri/,anninhthudo.vn,https://icon.horse/icon/www.anninhthudo.vn,WEBSITE,LIVE,NULL,FALSE,0,2023-11-17 04:51:01.095+00,711,NULL,NULL,NULL,2023-10-30 07:37:11.659+00,2023-10-30 07:37:11.659+00,TRUE,NULL,0,FALSE,NULL,TRUE,a76c4bf6-735a-4ba1-a2fc-2aeb9abb322c
560bf168-6fda-4d41-b635-0f5c52b333bf,https://www.anninhthudo.vn/phap-luat/,anninhthudo.vn,https://icon.horse/icon/www.anninhthudo.vn,WEBSITE,LIVE,NULL,FALSE,0,2023-11-17 04:51:27.769+00,186,NULL,NULL,NULL,2023-10-30 07:31:11.094+00,2023-10-30 07:31:11.094+00,TRUE,NULL,0,FALSE,NULL,TRUE,f4de6b67-0c69-4642-989f-4a6b75ab04d7
5e2ccb55-7d0c-4efe-a177-bb96098567c6,https://www.baogiaothong.vn/the-thao.htm,baogiaothong.vn,https://icon.horse/icon/www.baogiaothong.vn,WEBSITE,LIVE,NULL,FALSE,0,2023-11-17 04:51:08.82+00,286,NULL,NULL,NULL,2023-10-30 07:23:22.123+00,2023-10-30 07:23:22.123+00,TRUE,NULL,0,FALSE,NULL,TRUE,9d554d49-0490-4fa0-b136-2e6a9a4276f6
605844e6-f60a-4797-ba02-660fa72f1662,https://nhandan.vn/thegioi/,nhandan.vn,https://icon.horse/icon/nhandan.vn,WEBSITE,LIVE,NULL,FALSE,0,2023-11-17 04:51:36.951+00,674,NULL,NULL,NULL,2023-10-30 07:36:19.442+00,2023-10-30 07:36:19.442+00,TRUE,NULL,0,FALSE,NULL,TRUE,d86cda15-aaae-48c3-8fab-4055ec0bd9fb
61608b90-dd59-46ad-a5d2-9638e563b92e,https://giadinh.suckhoedoisong.vn/giai-tri.htm,giadinh.suckhoedoisong.vn,https://icon.horse/icon/giadinh.suckhoedoisong.vn,WEBSITE,LIVE,NULL,FALSE,0,2023-11-17 04:50:33.543+00,1913,NULL,NULL,NULL,2023-10-30 07:37:11.653+00,2023-10-30 07:37:11.653+00,TRUE,NULL,0,FALSE,NULL,TRUE,a76c4bf6-735a-4ba1-a2fc-2aeb9abb322c
637e09c0-2aad-4611-bab3-7405ae8f71c7,https://thethaovanhoa.vn/hightech.htm,thethaovanhoa.vn,https://icon.horse/icon/thethaovanhoa.vn,WEBSITE,LIVE,NULL,FALSE,0,2023-11-17 04:50:33.188+00,304,NULL,NULL,NULL,2023-10-30 08:05:26.667+00,2023-10-30 08:05:26.667+00,TRUE,NULL,0,FALSE,NULL,TRUE,b372f16a-068c-413d-a7dd-54f3a098fdff
64acfe19-b605-477f-9e75-ec4cf7c658fc,https://vtv.vn/truyen-hinh.htm,vtv.vn,https://icon.horse/icon/vtv.vn,WEBSITE,LIVE,NULL,FALSE,0,2023-11-17 04:50:33.507+00,648,NULL,NULL,NULL,2023-10-30 07:37:11.665+00,2023-10-30 07:37:11.665+00,TRUE,NULL,0,FALSE,NULL,TRUE,a76c4bf6-735a-4ba1-a2fc-2aeb9abb322c
65fa4299-b017-4fb2-a3ad-85e3ee8c3fa0,https://www.facebook.com/nxdien2k15,Nguyễn Xuân Diện,https://scontent-sin6-2.xx.fbcdn.net/v/t39.30808-1/363793229_3117914245178192_8765153269881840269_n.jpg?stp=cp0_dst-jpg_p40x40&_nc_cat=1&ccb=1-7&_nc_sid=fe8171&_nc_ohc=WH5R6SanYVoAX-lwUy2&_nc_ht=scontent-sin6-2.xx&oh=00_AfD7CTTfwjOzSOQbbjHUIH4rcEiUd1DV6_wJqSDTA2JsUg&oe=6505897B,FB_ACCOUNT,LIVE,1.00064E+14,FALSE,0,2023-10-10 02:51:54.233+00,369,NULL,NULL,NULL,2023-05-23 17:05:44.695+00,2023-10-12 16:42:48.763+00,FALSE,NULL,0,FALSE,1,FALSE,NULL
66642935-ed5d-4a3f-93ec-ff109c8ae14e,https://dantri.com.vn/xa-hoi/chinh-tri.htm,dantri.com.vn,https://icon.horse/icon/dantri.com.vn,WEBSITE,LIVE,NULL,FALSE,0,2023-11-17 04:51:22.563+00,711,NULL,NULL,NULL,2023-10-30 07:36:19.439+00,2023-10-30 07:36:19.439+00,TRUE,NULL,0,FALSE,NULL,TRUE,d86cda15-aaae-48c3-8fab-4055ec0bd9fb
66bc65c2-efa0-419e-af66-ee1ad762e6e6,https://kenh14.vn/cine.chn,kenh14.vn,https://icon.horse/icon/kenh14.vn,WEBSITE,LIVE,NULL,FALSE,0,2023-11-17 04:51:13.546+00,249,NULL,NULL,NULL,2023-10-30 07:37:11.66+00,2023-10-30 07:37:11.66+00,TRUE,NULL,0,FALSE,NULL,TRUE,a76c4bf6-735a-4ba1-a2fc-2aeb9abb322c
6d1fec95-4717-4bd1-8d9a-598bd7c257ce,https://vietnamnet.vn/the-thao,vietnamnet.vn,https://icon.horse/icon/vietnamnet.vn,WEBSITE,LIVE,NULL,FALSE,0,2023-11-17 04:51:09.844+00,451,NULL,NULL,NULL,2023-10-30 07:23:22.117+00,2023-10-30 07:23:22.117+00,TRUE,NULL,0,FALSE,NULL,TRUE,9d554d49-0490-4fa0-b136-2e6a9a4276f6
6f9ba99d-844a-4ed8-834b-89baf5ae1671,https://www.24h.com.vn/giao-duc-du-hoc-c216.html,24h.com.vn,https://icon.horse/icon/www.24h.com.vn,WEBSITE,LIVE,NULL,FALSE,0,2023-11-17 04:48:28.051+00,5,NULL,NULL,NULL,2023-10-30 08:08:04.712+00,2023-10-30 08:08:04.712+00,TRUE,NULL,0,FALSE,NULL,TRUE,c6e10daf-6ead-4066-bd93-329d003cf621
6fab38c9-e0ff-4a70-8e1f-b28bf82c9035,https://dantri.com.vn/suc-manh-so.htm,dantri.com.vn,https://icon.horse/icon/dantri.com.vn,WEBSITE,LIVE,NULL,FALSE,0,2023-11-17 04:51:12.386+00,792,NULL,NULL,NULL,2023-10-30 08:05:26.682+00,2023-10-30 08:05:26.682+00,TRUE,NULL,0,FALSE,NULL,TRUE,b372f16a-068c-413d-a7dd-54f3a098fdff
6fb03a74-fa67-4d97-8bac-609e3a1e9348,https://vtc.vn/the-gioi-30.html,vtc.vn,https://icon.horse/icon/vtc.vn,WEBSITE,LIVE,NULL,FALSE,0,2023-11-17 04:51:15.277+00,635,NULL,NULL,NULL,2023-10-30 07:36:19.441+00,2023-10-30 07:36:19.441+00,TRUE,NULL,0,FALSE,NULL,TRUE,d86cda15-aaae-48c3-8fab-4055ec0bd9fb
706cbfcc-8b46-4e29-868c-727e6d065b0a,https://kienthuc.net.vn/doi-song/,kienthuc.net.vn,https://icon.horse/icon/kienthuc.net.vn,WEBSITE,LIVE,NULL,FALSE,0,2023-11-17 04:52:32.072+00,384,NULL,NULL,NULL,2023-10-30 07:31:11.099+00,2023-10-30 07:31:11.099+00,TRUE,NULL,0,FALSE,NULL,TRUE,f4de6b67-0c69-4642-989f-4a6b75ab04d7
7280955a-503e-4df1-834f-bcc2146dde29,https://vnexpress.net/khoa-hoc,vnexpress.net,https://icon.horse/icon/vnexpress.net,WEBSITE,LIVE,NULL,FALSE,0,2023-11-17 04:51:16.263+00,79,NULL,NULL,NULL,2023-10-30 08:05:26.682+00,2023-10-30 08:05:26.682+00,TRUE,NULL,0,FALSE,NULL,TRUE,b372f16a-068c-413d-a7dd-54f3a098fdff
72a4e96c-3ac3-43ef-a046-b910d3602731,https://kienthuc.net.vn/xa-hoi/,kienthuc.net.vn,https://icon.horse/icon/kienthuc.net.vn,WEBSITE,LIVE,NULL,FALSE,0,2023-11-17 04:51:20.254+00,387,NULL,NULL,NULL,2023-10-30 07:31:11.098+00,2023-10-30 07:31:11.098+00,TRUE,NULL,0,FALSE,NULL,TRUE,f4de6b67-0c69-4642-989f-4a6b75ab04d7
731832474,https://www.facebook.com/chanhvanhoanganhtu.info,Hoàng Anh Tú,https://scontent-sin6-2.xx.fbcdn.net/v/t39.30808-1/342549242_558597082930661_2584066645900118460_n.jpg?stp=cp0_dst-jpg_p40x40&_nc_cat=108&ccb=1-7&_nc_sid=6e0f69&_nc_ohc=7ZGfSCmRDggAX-CTm1U&_nc_ht=scontent-sin6-2.xx&oh=00_AfC8gEo6cI6CLTUs3FyfuMP-OVqJbGC4AY9I91OMxNGbLg&oe=6505EF33,FB_ACCOUNT,LIVE,1.00071E+14,FALSE,0,2023-10-10 02:51:54.233+00,84,NULL,NULL,NULL,2023-05-23 17:07:43.874+00,2023-10-12 16:42:25.923+00,FALSE,NULL,0,FALSE,1,FALSE,NULL
735a003e-7b23-4a04-b084-b850710496b2,https://thanhnien.vn/giai-tri.htm,thanhnien.vn,https://icon.horse/icon/thanhnien.vn,WEBSITE,LIVE,NULL,FALSE,0,2023-11-17 04:50:33.56+00,994,NULL,NULL,NULL,2023-10-30 07:37:11.655+00,2023-10-30 07:37:11.655+00,TRUE,NULL,0,FALSE,NULL,TRUE,a76c4bf6-735a-4ba1-a2fc-2aeb9abb322c
76312ec0-a313-4be3-9549-eb23b2fb8159,https://kenh14.vn/beauty-fashion.chn,kenh14.vn,https://icon.horse/icon/kenh14.vn,WEBSITE,LIVE,NULL,FALSE,0,2023-11-17 04:51:05.611+00,172,NULL,NULL,NULL,2023-10-30 07:37:11.661+00,2023-10-30 07:37:11.661+00,TRUE,NULL,0,FALSE,NULL,TRUE,a76c4bf6-735a-4ba1-a2fc-2aeb9abb322c
76cef221-9346-4422-97ee-228e571cea65,https://baotintuc.vn/khoa-hoc-cong-nghe-131ct0.htm,baotintuc.vn,https://icon.horse/icon/baotintuc.vn,WEBSITE,LIVE,NULL,FALSE,0,2023-11-17 04:51:43.961+00,591,NULL,NULL,NULL,2023-10-30 08:05:26.685+00,2023-10-30 08:05:26.685+00,TRUE,NULL,0,FALSE,NULL,TRUE,b372f16a-068c-413d-a7dd-54f3a098fdff
7b435410-e020-404c-a0d3-5fb990502574,https://www.vietnamplus.vn/xahoi.vnp,vietnamplus.vn,https://icon.horse/icon/www.vietnamplus.vn,WEBSITE,LIVE,NULL,FALSE,0,2023-11-17 04:51:25.462+00,285,NULL,NULL,NULL,2023-10-30 07:31:11.094+00,2023-10-30 07:31:11.094+00,TRUE,NULL,0,FALSE,NULL,TRUE,f4de6b67-0c69-4642-989f-4a6b75ab04d7
7bd2be87-e96b-42f9-90b2-d2b267cc9c4e,https://tienphong.vn/the-thao/,tienphong.vn,https://icon.horse/icon/tienphong.vn,WEBSITE,LIVE,NULL,FALSE,0,2023-11-17 04:51:21.772+00,139,NULL,NULL,NULL,2023-10-30 07:23:22.122+00,2023-10-30 07:23:22.122+00,TRUE,NULL,0,FALSE,NULL,TRUE,9d554d49-0490-4fa0-b136-2e6a9a4276f6
7de1eea0-7514-44ae-bb55-cb691ac7f750,https://tuoitre.vn/giai-tri.htm,tuoitre.vn,https://icon.horse/icon/tuoitre.vn,WEBSITE,LIVE,NULL,FALSE,0,2023-11-17 04:50:33.45+00,397,NULL,NULL,NULL,2023-10-30 07:37:11.649+00,2023-10-30 07:37:11.649+00,TRUE,NULL,0,FALSE,NULL,TRUE,a76c4bf6-735a-4ba1-a2fc-2aeb9abb322c
81d1bc4a-271d-4c4f-9721-e8dddad3e52f,https://www.vietnamplus.vn/khoahoc.vnp,vietnamplus.vn,https://icon.horse/icon/www.vietnamplus.vn,WEBSITE,LIVE,NULL,FALSE,0,2023-11-17 04:51:15.943+00,264,NULL,NULL,NULL,2023-10-30 08:05:26.684+00,2023-10-30 08:05:26.684+00,TRUE,NULL,0,FALSE,NULL,TRUE,b372f16a-068c-413d-a7dd-54f3a098fdff
8391002d-e034-4f34-bea8-3872f55b1fbc,https://vtv.vn/the-gioi.htm,vtv.vn,https://icon.horse/icon/vtv.vn,WEBSITE,LIVE,NULL,FALSE,0,2023-11-17 04:50:33.59+00,332,NULL,NULL,NULL,2023-10-30 07:36:19.444+00,2023-10-30 07:36:19.444+00,TRUE,NULL,0,FALSE,NULL,TRUE,d86cda15-aaae-48c3-8fab-4055ec0bd9fb
841748f1-d6e3-47e2-a7a7-5ba05900c3d6,https://thanhnien.vn/van-hoa.htm,thanhnien.vn,https://icon.horse/icon/thanhnien.vn,WEBSITE,LIVE,NULL,FALSE,0,2023-11-17 04:50:33.595+00,664,NULL,NULL,NULL,2023-10-30 07:37:11.657+00,2023-10-30 07:37:11.657+00,TRUE,NULL,0,FALSE,NULL,TRUE,a76c4bf6-735a-4ba1-a2fc-2aeb9abb322c
85382507-73a8-4161-9639-7f0e2569c211,http://vtv.vn,vtv.vn,https://icon.horse/icon/vtv.vn,WEBSITE,LIVE,NULL,FALSE,0,2023-11-17 04:39:41.489+00,1004,NULL,NULL,NULL,2023-10-30 07:23:22.123+00,2023-10-30 07:23:22.123+00,TRUE,NULL,0,FALSE,NULL,TRUE,9d554d49-0490-4fa0-b136-2e6a9a4276f6
858a7880-1485-44f5-9236-b6eb59596c34,https://www.facebook.com/hhsb.vn/,Hóng Hớt Showbiz,https://scontent-xsp1-2.xx.fbcdn.net/v/t39.30808-1/320335878_706913294345328_3656448176986762322_n.jpg?stp=cp0_dst-jpg_p40x40&_nc_cat=1&ccb=1-7&_nc_sid=754033&_nc_ohc=y3gDTiNh4-0AX_fkYbY&_nc_ht=scontent-xsp1-2.xx&oh=00_AfAE5ch2nRxkoI8e5fNoifT4ms-hDfskcxhWwLCfW4DaKg&oe=64FC9685,FB_PAGE,LIVE,1.00064E+14,FALSE,0,2023-10-10 02:51:54.233+00,404,NULL,NULL,NULL,2023-06-07 09:39:47.012+00,2023-11-15 04:40:06.168+00,FALSE,NULL,0,FALSE,1,FALSE,NULL
85d9f5b4-501a-4477-ba0c-2b8b9316b8a6,https://kenh14.vn/sport.chn,kenh14.vn,https://icon.horse/icon/kenh14.vn,WEBSITE,LIVE,NULL,FALSE,0,2023-11-17 04:50:33.438+00,216,NULL,NULL,NULL,2023-10-30 07:23:22.121+00,2023-10-30 07:23:22.121+00,TRUE,NULL,0,FALSE,NULL,TRUE,9d554d49-0490-4fa0-b136-2e6a9a4276f6
8674cfc6-78c4-447e-8e32-24ec438e007c,https://www.24h.com.vn/tin-tuc-quoc-te-c415.html,24h.com.vn,https://icon.horse/icon/www.24h.com.vn,WEBSITE,LIVE,NULL,FALSE,0,2023-11-17 04:49:28.742+00,51,NULL,NULL,NULL,2023-10-30 07:36:19.439+00,2023-10-30 07:36:19.439+00,TRUE,NULL,0,FALSE,NULL,TRUE,d86cda15-aaae-48c3-8fab-4055ec0bd9fb
882de11a-ad8c-467d-b74e-cd05dff8ca5f,https://nhandan.vn/khoahoc-congnghe/,nhandan.vn,https://icon.horse/icon/nhandan.vn,WEBSITE,LIVE,NULL,FALSE,0,2023-11-17 04:51:36.949+00,1345,NULL,NULL,NULL,2023-10-30 08:05:26.684+00,2023-10-30 08:05:26.684+00,TRUE,NULL,0,FALSE,NULL,TRUE,b372f16a-068c-413d-a7dd-54f3a098fdff
89e2ffc2-e672-4ab1-8ce7-ddffffe63ab7,https://eva.vn/tin-nong-trong-ngay-c248.html,eva.vn,https://icon.horse/icon/eva.vn,WEBSITE,LIVE,NULL,FALSE,0,2023-11-17 04:48:28.169+00,34,NULL,NULL,NULL,2023-10-30 07:31:11.104+00,2023-10-30 07:31:11.104+00,TRUE,NULL,0,FALSE,NULL,TRUE,f4de6b67-0c69-4642-989f-4a6b75ab04d7
8a5cd8e7-9b43-42c3-b38b-d4077941a278,https://tuoitre.vn/cong-nghe.htm,tuoitre.vn,https://icon.horse/icon/tuoitre.vn,WEBSITE,LIVE,NULL,FALSE,0,2023-11-17 04:50:33.497+00,533,NULL,NULL,NULL,2023-10-30 08:05:26.682+00,2023-10-30 08:05:26.682+00,TRUE,NULL,0,FALSE,NULL,TRUE,b372f16a-068c-413d-a7dd-54f3a098fdff
91dba5bf-51e3-4ab6-b216-7adc3dbc0388,https://kienthuc.net.vn/quan-su/,kienthuc.net.vn,https://icon.horse/icon/kienthuc.net.vn,WEBSITE,LIVE,NULL,FALSE,0,2023-11-17 04:50:33.564+00,347,NULL,NULL,NULL,2023-10-30 07:36:19.442+00,2023-10-30 07:36:19.442+00,TRUE,NULL,0,FALSE,NULL,TRUE,d86cda15-aaae-48c3-8fab-4055ec0bd9fb
93879c44-d41b-4dc2-abc9-fa454f6c7c36,https://eva.vn/phap-luat-c251.html,eva.vn,https://icon.horse/icon/eva.vn,WEBSITE,LIVE,NULL,FALSE,0,2023-11-17 04:49:29.08+00,38,NULL,NULL,NULL,2023-10-30 07:31:11.104+00,2023-10-30 07:31:11.104+00,TRUE,NULL,0,FALSE,NULL,TRUE,f4de6b67-0c69-4642-989f-4a6b75ab04d7
9537dcd1-1c5d-4317-b972-c231b113f4d1,https://www.24h.com.vn/bong-da-ngoai-hang-anh-c149.html,24h.com.vn,https://icon.horse/icon/www.24h.com.vn,WEBSITE,LIVE,NULL,FALSE,0,2023-11-17 04:48:28.098+00,29,NULL,NULL,NULL,2023-10-30 07:23:22.118+00,2023-10-30 07:23:22.118+00,TRUE,NULL,0,FALSE,NULL,TRUE,9d554d49-0490-4fa0-b136-2e6a9a4276f6
968e3621-e42e-4c91-8982-14159eda6147,https://www.vietnamplus.vn/eventlist.aspx,vietnamplus.vn,https://icon.horse/icon/www.vietnamplus.vn,WEBSITE,LIVE,NULL,FALSE,0,2023-11-17 04:50:31.079+00,629,NULL,NULL,NULL,2023-10-30 07:31:11.091+00,2023-10-30 07:31:11.091+00,TRUE,NULL,0,FALSE,NULL,TRUE,f4de6b67-0c69-4642-989f-4a6b75ab04d7
9c262124-e084-43a7-96a9-63bac9604027,https://baotintuc.vn/giao-duc-135ct0.htm,baotintuc.vn,https://icon.horse/icon/baotintuc.vn,WEBSITE,LIVE,NULL,FALSE,0,2023-11-17 04:51:44.426+00,423,NULL,NULL,NULL,2023-10-30 08:08:04.717+00,2023-10-30 08:08:04.717+00,TRUE,NULL,0,FALSE,NULL,TRUE,c6e10daf-6ead-4066-bd93-329d003cf621
9c90ecec-2b84-4558-82b7-39d6f66cdcd7,https://laodong.vn/phap-luat,laodong.vn,https://icon.horse/icon/laodong.vn,WEBSITE,LIVE,NULL,FALSE,0,2023-11-17 04:51:08.818+00,756,NULL,NULL,NULL,2023-10-30 07:31:11.087+00,2023-10-30 07:31:11.087+00,TRUE,NULL,0,FALSE,NULL,TRUE,f4de6b67-0c69-4642-989f-4a6b75ab04d7
9cfa2076-2669-4252-87fc-68bca6c22c8c,https://plo.vn/phap-luat/,plo.vn,https://icon.horse/icon/plo.vn,WEBSITE,LIVE,NULL,FALSE,0,2023-11-17 04:50:57.602+00,242,NULL,NULL,NULL,2023-10-30 07:31:11.106+00,2023-10-30 07:31:11.106+00,TRUE,NULL,0,FALSE,NULL,TRUE,f4de6b67-0c69-4642-989f-4a6b75ab04d7
9d3720fe-fcad-4521-9e3a-165a370084db,https://www.facebook.com/TuyenVanHoaOfficial,Tuyền Văn Hóa,,FB_PAGE,LIVE,1.00071E+14,FALSE,0,2023-10-10 02:51:54.233+00,541,NULL,NULL,NULL,2023-05-23 17:06:23.077+00,2023-10-12 16:43:09.967+00,FALSE,NULL,0,FALSE,2,FALSE,NULL
9d54678b-99c6-4604-b878-ae7a3e7d930d,https://tuoitre.vn/phap-luat.htm,tuoitre.vn,https://icon.horse/icon/tuoitre.vn,WEBSITE,LIVE,NULL,FALSE,0,2023-11-17 04:50:33.408+00,289,NULL,NULL,NULL,2023-10-30 07:31:11.086+00,2023-10-30 07:31:11.086+00,TRUE,NULL,0,FALSE,NULL,TRUE,f4de6b67-0c69-4642-989f-4a6b75ab04d7
9d9f10a4-526f-40f4-9995-34a5397a426c,https://tienphong.vn/van-hoa/,tienphong.vn,https://icon.horse/icon/tienphong.vn,WEBSITE,LIVE,NULL,FALSE,0,2023-11-17 04:51:16.245+00,660,NULL,NULL,NULL,2023-10-30 07:37:11.663+00,2023-10-30 07:37:11.663+00,TRUE,NULL,0,FALSE,NULL,TRUE,a76c4bf6-735a-4ba1-a2fc-2aeb9abb322c
UC-a8gxvYxw783MURix45ckg,https://www.youtube.com/channel/UC-a8gxvYxw783MURix45ckg,LED flood light TDL,https://yt3.ggpht.com/u2m1c4bB5Yx1Kwi_e5YBCdyopeikbYAAy43w8m4QTRTHQVrHJ4XILGsdgstRm7_KFES2EXOttw=s88-c-k-c0x00ffffff-no-rj,YOUTUBE,LIVE,NULL,FALSE,0,2023-10-10 02:51:54.233+00,38,NULL,NULL,NULL,2023-05-23 05:12:48.323+00,2023-10-09 10:11:20.756+00,FALSE,"{""uploads"":""192"",""subscribe"":""8"",""allViews"":""2135"",""country"":"""",""type"":"""",""createdAt"":""2022-12-22T00:00:00.000Z""}",0,FALSE,1,FALSE,NULL
UC3RRfiYI8HpnEat4lcn3mLA,https://www.youtube.com/channel/UC3RRfiYI8HpnEat4lcn3mLA,Yêu Bóng Đá 5GOAL,https://yt3.ggpht.com/g1gsmKjT_alFx6U2uPjztOtUzpA7kf800ZR0_7_LJlbvklWY97YB06XJ2_Yoet802P_jlr5lc5E=s88-c-k-c0x00ffffff-no-rj,YOUTUBE,LIVE,NULL,FALSE,0,2023-10-10 02:51:54.233+00,235,NULL,NULL,NULL,2023-05-23 05:12:48.348+00,2023-10-09 10:11:18.722+00,FALSE,"{""uploads"":""154"",""subscribe"":""2.37K"",""allViews"":""478693"",""country"":""VN"",""type"":"""",""createdAt"":""2022-10-24T00:00:00.000Z""}",0,FALSE,1,FALSE,NULL
UC47WI-kZXFf0H_f7pvaNCEQ,https://www.youtube.com/@baotuoitre,Báo Tuổi Trẻ,,YOUTUBE,LIVE,NULL,FALSE,0,2023-10-10 02:51:54.233+00,2532,NULL,NULL,NULL,2023-05-23 05:12:48.363+00,2023-10-09 10:11:16.22+00,FALSE,"{""uploads"":"""",""subscribe"":"""",""allViews"":"""",""country"":"""",""type"":"""",""createdAt"":null}",0,FALSE,1,FALSE,NULL
UC4LvrpNXujjbGOS4RDvr41g,https://www.youtube.com/@FPTBongDaOfficial,FPT Bóng Đá,,YOUTUBE,LIVE,NULL,FALSE,0,2023-10-10 02:51:54.233+00,361,NULL,NULL,NULL,2023-05-23 05:12:48.369+00,2023-10-09 10:11:15.185+00,FALSE,"{""uploads"":"""",""subscribe"":"""",""allViews"":"""",""country"":"""",""type"":"""",""createdAt"":null}",0,FALSE,1,FALSE,NULL
UC4RDCdy8U-J9XiVAStRqtnA,https://www.youtube.com/channel/UC4RDCdy8U-J9XiVAStRqtnA,Ăn Ngủ Bóng Đá,https://yt3.ggpht.com/nk-zgDU170C-d0CrwUBvcWkBIDBMW-Q8Bv52VJXruycLInLHkkJrCdgYR2rlkDoeCLRu2PBbBA=s88-c-k-c0x00ffffff-no-rj,YOUTUBE,LIVE,NULL,FALSE,0,2023-10-10 02:51:54.233+00,178,NULL,NULL,NULL,2023-05-23 05:12:48.381+00,2023-10-09 10:11:12.997+00,FALSE,"{""uploads"":""738"",""subscribe"":""430K"",""allViews"":""112437211"",""country"":""VN"",""type"":""sports"",""createdAt"":""2016-03-09T00:00:00.000Z""}",0,FALSE,1,FALSE,NULL
UC4dJs-v9IRkl8uX-5zrtcpw,https://www.youtube.com/channel/UC4dJs-v9IRkl8uX-5zrtcpw,BÓNG ĐÁ 24H TV,https://yt3.ggpht.com/ytc/AGIKgqPQvFXF1mUUP29hgHnIAUXf4zHSI0LIctqLiOwuGg=s88-c-k-c0x00ffffff-no-rj,YOUTUBE,LIVE,NULL,FALSE,0,2023-10-10 02:51:54.233+00,255,NULL,NULL,NULL,2023-05-23 05:12:48.386+00,2023-10-09 10:11:12.192+00,FALSE,"{""uploads"":""2667"",""subscribe"":""31.6K"",""allViews"":""8660780"",""country"":""VN"",""type"":""sports"",""createdAt"":""2006-11-04T00:00:00.000Z""}",0,FALSE,1,FALSE,NULL
UCBAai6Tz209ukZrjqlrUalw,https://www.youtube.com/@truyenhinhkplusvstv,Truyền hình K+,,YOUTUBE,LIVE,NULL,FALSE,0,2023-10-10 02:51:54.233+00,218,NULL,NULL,NULL,2023-05-23 05:13:17.46+00,2023-10-09 10:11:11.289+00,FALSE,"{""uploads"":"""",""subscribe"":"""",""allViews"":"""",""country"":"""",""type"":"""",""createdAt"":null}",0,FALSE,1,FALSE,NULL
UCIW9cGgoRuGJnky3K3tbzNg,https://www.youtube.com/@thanhnientvnews,Báo Thanh Niên,,YOUTUBE,LIVE,NULL,FALSE,0,2023-10-10 02:51:54.233+00,2828,NULL,NULL,NULL,2023-05-23 05:13:17.479+00,2023-10-09 10:11:07.697+00,FALSE,"{""uploads"":"""",""subscribe"":"""",""allViews"":"""",""country"":"""",""type"":"""",""createdAt"":null}",0,FALSE,1,FALSE,NULL
UCIg56SgvoZF8Qg0Jx_gh6Pg,https://www.youtube.com/@antvtruyenhinhcongannhandan,ANTV - Truyền hình Công an Nhân dân,,YOUTUBE,LIVE,NULL,FALSE,0,2023-10-10 02:51:54.233+00,3077,NULL,NULL,NULL,2023-05-23 05:13:17.484+00,2023-10-09 10:11:07.093+00,FALSE,"{""uploads"":"""",""subscribe"":"""",""allViews"":"""",""country"":"""",""type"":"""",""createdAt"":null}",0,FALSE,1,FALSE,NULL
UCL9-pEHNBs3N4r2bMoXdLJA,https://www.youtube.com/@vtcnow,VTC NOW,,YOUTUBE,LIVE,NULL,FALSE,0,2023-10-10 02:51:54.233+00,2889,NULL,NULL,NULL,2023-05-23 05:13:17.498+00,2023-10-09 10:11:06.263+00,FALSE,"{""uploads"":"""",""subscribe"":"""",""allViews"":"""",""country"":"""",""type"":"""",""createdAt"":null}",0,FALSE,1,FALSE,NULL
UCLvKHqlg3Rhr80bCMPge5Ig,https://www.youtube.com/channel/UCLvKHqlg3Rhr80bCMPge5Ig,Theanh28 Bóng Đá Châu Âu,https://yt3.ggpht.com/_XL0u-TyPcGq28IZca1q9YvVSW0uiD2GQ--mT0QIhStBR66_ZJtJbF7yAHfzoRUF0a4AExEfGA=s88-c-k-c0x00ffffff-no-rj,YOUTUBE,LIVE,NULL,FALSE,0,2023-10-10 02:51:54.233+00,219,NULL,NULL,NULL,2023-05-23 05:13:17.502+00,2023-10-09 10:11:04.249+00,FALSE,"{""uploads"":""226"",""subscribe"":""8.78K"",""allViews"":""6970493"",""country"":""VN"",""type"":"""",""createdAt"":""2022-06-18T00:00:00.000Z""}",0,FALSE,1,FALSE,NULL
UCNexx9sglEWEM_aut8XS5xA,https://www.youtube.com/@ZingLifestyle,Zing,,YOUTUBE,LIVE,NULL,FALSE,0,2023-10-10 02:51:54.233+00,12,NULL,NULL,NULL,2023-05-23 05:13:17.511+00,2023-10-09 10:11:02.363+00,FALSE,"{""uploads"":"""",""subscribe"":"""",""allViews"":"""",""country"":"""",""type"":"""",""createdAt"":null}",0,FALSE,3,FALSE,NULL
UCPJfjHrW3-zIeSaZTgmckmg,https://www.youtube.com/@truyenhinhnhandantv,Truyền Hình Nhân Dân,,YOUTUBE,LIVE,NULL,FALSE,0,2023-10-10 02:51:54.233+00,1475,NULL,NULL,NULL,2023-05-23 05:13:17.529+00,2023-10-09 10:11:00.371+00,FALSE,"{""uploads"":"""",""subscribe"":"""",""allViews"":"""",""country"":"""",""type"":"""",""createdAt"":null}",0,FALSE,1,FALSE,NULL
UCQcV5b61XvOIGm1m2OJBYPQ,https://www.youtube.com/@VTC1tintuc,VTC1 - TIN TỨC,,YOUTUBE,LIVE,NULL,FALSE,0,2023-10-10 02:51:54.233+00,963,NULL,NULL,NULL,2023-05-23 05:13:17.542+00,2023-10-09 10:10:57.863+00,FALSE,"{""uploads"":"""",""subscribe"":"""",""allViews"":"""",""country"":"""",""type"":"""",""createdAt"":null}",0,FALSE,1,FALSE,NULL
UCUF-y50XKhKMDETOcC3VI8A,https://www.youtube.com/@OnLaligaInVietnam,On Laliga In Vietnam,,YOUTUBE,LIVE,NULL,FALSE,0,2023-10-10 02:51:54.233+00,17,NULL,NULL,NULL,2023-05-23 05:13:17.558+00,2023-10-09 10:10:56.891+00,FALSE,"{""uploads"":"""",""subscribe"":"""",""allViews"":"""",""country"":"""",""type"":"""",""createdAt"":null}",0,FALSE,1,FALSE,NULL
UCUmRGR3a-g13O6pG927KQmg,https://www.youtube.com/@tintuc24honline,TV24h,,YOUTUBE,LIVE,NULL,FALSE,0,2023-10-10 02:51:54.233+00,4880,NULL,NULL,NULL,2023-05-23 05:13:17.562+00,2023-10-09 10:10:53.492+00,FALSE,"{""uploads"":"""",""subscribe"":"""",""allViews"":"""",""country"":"""",""type"":"""",""createdAt"":null}",0,FALSE,2,FALSE,NULL
UCVHQlKsTXBgepfTFzqQIRgw,https://www.youtube.com/channel/UCVHQlKsTXBgepfTFzqQIRgw,MEDIA 68,https://yt3.ggpht.com/ytc/AGIKgqN4PJE4tGpf7Pr1Pns-KpYyonQebrtCypbyTS0x=s88-c-k-c0x00ffffff-no-rj,YOUTUBE,LIVE,NULL,FALSE,0,2023-10-10 02:51:54.233+00,321,NULL,NULL,NULL,2023-05-23 05:13:17.567+00,2023-10-09 10:10:52.726+00,FALSE,"{""uploads"":""2936"",""subscribe"":""634"",""allViews"":""203204"",""country"":"""",""type"":"""",""createdAt"":""2021-03-09T00:00:00.000Z""}",0,FALSE,1,FALSE,NULL
UC_xl7kFx6V4mgzv_NH0alfg,https://www.youtube.com/channel/UC_xl7kFx6V4mgzv_NH0alfg,MyTV Thể Thao,https://yt3.ggpht.com/sG-cv_hy3-_kQCB9oLmaiIcR1iUaRdxjI83YLd1zpLEVkRN4Bzbaj6hQuLxUNJe8xDKT-NsU=s88-c-k-c0x00ffffff-no-rj,YOUTUBE,LIVE,NULL,FALSE,0,2023-10-10 02:51:54.233+00,32,NULL,NULL,NULL,2023-05-23 05:13:17.579+00,2023-10-09 10:10:50.191+00,FALSE,"{""uploads"":""317"",""subscribe"":""1.74K"",""allViews"":""710628"",""country"":""VN"",""type"":"""",""createdAt"":""2022-11-29T00:00:00.000Z""}",0,FALSE,1,FALSE,NULL
UCaJtPB6tgY9tdIV_ieMn36g,https://www.youtube.com/channel/UCaJtPB6tgY9tdIV_ieMn36g,Bongda24h Official,https://yt3.ggpht.com/ytc/AGIKgqOzVpKmjev6iCzR8zPAWGA465N4_5LOnka0gHSc=s88-c-k-c0x00ffffff-no-rj,YOUTUBE,LIVE,NULL,FALSE,0,2023-10-10 02:51:54.233+00,60,NULL,NULL,NULL,2023-05-23 05:13:17.591+00,2023-10-09 10:10:47.793+00,FALSE,"{""uploads"":""4278"",""subscribe"":""29.1K"",""allViews"":""20238445"",""country"":""VN"",""type"":""sports"",""createdAt"":""2020-08-15T00:00:00.000Z""}",0,FALSE,2,FALSE,NULL
UCabsTV34JwALXKGMqHpvUiA,https://www.youtube.com/@vtv24,VTV24,,YOUTUBE,LIVE,NULL,FALSE,0,2023-10-10 02:51:54.233+00,1445,NULL,NULL,NULL,2023-05-23 05:13:17.601+00,2023-10-09 10:10:47.208+00,FALSE,"{""uploads"":"""",""subscribe"":"""",""allViews"":"""",""country"":"""",""type"":"""",""createdAt"":null}",0,FALSE,3,FALSE,NULL
UCb522d4THKa8GFas2HiGZGg,https://www.youtube.com/channel/UCb522d4THKa8GFas2HiGZGg,Thể thao 5.1,https://yt3.ggpht.com/XL5Kn4f4B3a2iMjTLWW_C-Z7DkvTypM7ipvZe-D3hdfWGTCjdmVh6NLnhU3q_CSnDu7ypjiuqw=s88-c-k-c0x00ffffff-no-rj,YOUTUBE,LIVE,NULL,FALSE,0,2023-10-10 02:51:54.233+00,743,NULL,NULL,NULL,2023-05-23 05:13:17.61+00,2023-10-09 10:10:45.277+00,FALSE,"{""uploads"":""658"",""subscribe"":""824"",""allViews"":""476360"",""country"":""VN"",""type"":"""",""createdAt"":""2022-10-31T00:00:00.000Z""}",0,FALSE,1,FALSE,NULL
UCbcxFkd6B9xUU54InHv4Tig,https://www.youtube.com/@tennistv,Tennis TV,,YOUTUBE,LIVE,NULL,FALSE,0,2023-10-10 02:51:54.233+00,311,NULL,NULL,NULL,2023-05-23 05:13:17.618+00,2023-10-09 10:10:44.521+00,FALSE,"{""uploads"":"""",""subscribe"":"""",""allViews"":"""",""country"":"""",""type"":"""",""createdAt"":null}",0,FALSE,1,FALSE,NULL
UCgRsCneg3qJi3sONZF69WjA,https://www.youtube.com/channel/UCgRsCneg3qJi3sONZF69WjA,VieON,https://yt3.ggpht.com/Jiy7bRS_-Lxn5M1VQkVl3KXQg89ZEofiVmDjR5b0MnR2b036W6xxd-V-SMR6wRYbN6guhBCh4w=s88-c-k-c0x00ffffff-no-rj,YOUTUBE,LIVE,NULL,FALSE,0,2023-10-10 02:51:54.233+00,224,NULL,NULL,NULL,2023-05-23 05:13:17.634+00,2023-10-09 10:10:44.152+00,FALSE,"{""uploads"":""2631"",""subscribe"":""283K"",""allViews"":""141571649"",""country"":""VN"",""type"":""entertainment"",""createdAt"":""2020-05-22T00:00:00.000Z""}",0,FALSE,1,FALSE,NULL
UChY3zJYGMnDBPUTtkwD_cuQ,https://www.youtube.com/channel/UChY3zJYGMnDBPUTtkwD_cuQ,Football TV,https://yt3.ggpht.com/Cc1HtEbAqXGKgmrc_IBm7ve7XW3ZGuJPXezvpx-I9G6U_o7qMFl9IGMDcuLf8Qsdc385jKpC_8s=s88-c-k-c0x00ffffff-no-rj,YOUTUBE,LIVE,NULL,FALSE,0,2023-10-10 02:51:54.233+00,71,NULL,NULL,NULL,2023-05-23 05:13:17.639+00,2023-10-09 10:10:42.161+00,FALSE,"{""uploads"":""247"",""subscribe"":""364"",""allViews"":""183726"",""country"":"""",""type"":"""",""createdAt"":""2022-12-23T00:00:00.000Z""}",0,FALSE,1,FALSE,NULL
UCi0ZevNK_oSXYDs-UFcHLCg,https://www.youtube.com/channel/UCi0ZevNK_oSXYDs-UFcHLCg,Bóng Đá OX,https://yt3.ggpht.com/Ms-du8jqZ4Y3Lqh81LEVYvOE2uvvLvC3YVRc5GChad5Nr7t7NMPKbtkQqJVH1xouB629SAZPfQ=s88-c-k-c0x00ffffff-no-rj,YOUTUBE,LIVE,NULL,FALSE,0,2023-10-10 02:51:54.233+00,210,NULL,NULL,NULL,2023-05-23 05:13:17.647+00,2023-10-09 10:10:40.389+00,FALSE,"{""uploads"":""393"",""subscribe"":""3.04K"",""allViews"":""277711"",""country"":""AU"",""type"":""people"",""createdAt"":""2021-06-02T00:00:00.000Z""}",0,FALSE,1,FALSE,NULL
UCifac3Dwyn5LRRkSLEjSA2A,https://www.youtube.com/channel/UCifac3Dwyn5LRRkSLEjSA2A,J BÓNG ĐÁ PRO,https://yt3.ggpht.com/JRgwscKlkgJ7Ibnpur6X9v5ofOIiiUVVOfS6KAIOTvueoCXKB4NhGbZ54WERrKrr0CguEkOzpdA=s88-c-k-c0x00ffffff-no-rj,YOUTUBE,LIVE,NULL,FALSE,0,2023-10-10 02:51:54.233+00,218,NULL,NULL,NULL,2023-05-23 05:13:17.661+00,2023-10-09 10:10:37.825+00,FALSE,"{""uploads"":""125"",""subscribe"":""11.5K"",""allViews"":""173393"",""country"":"""",""type"":""people"",""createdAt"":""2021-06-20T00:00:00.000Z""}",0,FALSE,1,FALSE,NULL
UCjCDcYkXxjZbMpdntAp-bgA,https://www.youtube.com/channel/UCjCDcYkXxjZbMpdntAp-bgA,HOÀNG QUÂN BÓNG ĐÁ,https://yt3.ggpht.com/J2B9EJQWo6aYqNhegD8N-u_UxGdEPLZrXPYdMwjlwJDBsaEhY3KcFZwX-RiCBlCpQ-ZU0RqywzM=s88-c-k-c0x00ffffff-no-rj,YOUTUBE,LIVE,NULL,FALSE,0,2023-10-10 02:51:54.233+00,140,NULL,NULL,NULL,2023-05-23 05:13:17.671+00,2023-10-09 10:10:36.599+00,FALSE,"{""uploads"":""18"",""subscribe"":""7"",""allViews"":""2160"",""country"":"""",""type"":"""",""createdAt"":""2023-04-28T00:00:00.000Z""}",0,FALSE,1,FALSE,NULL
UCk8EKsRMYM0gERtx1rVCSNw,https://www.youtube.com/channel/UCk8EKsRMYM0gERtx1rVCSNw,Duc Tv,https://yt3.ggpht.com/OVT0cxA8Nw0Huv1UiTPlNNrVcfiFl46HZDcFKhJycHr6MvTntTvO6cdjv0BrFReyfOT8S2fdaA=s88-c-k-c0x00ffffff-no-rj,YOUTUBE,LIVE,NULL,FALSE,0,2023-10-10 02:51:54.233+00,79,NULL,NULL,NULL,2023-05-23 05:13:17.68+00,2023-10-09 10:10:34.959+00,FALSE,"{""uploads"":""157"",""subscribe"":""502"",""allViews"":""180929"",""country"":"""",""type"":"""",""createdAt"":""2022-12-03T00:00:00.000Z""}",0,FALSE,1,FALSE,NULL
UCm0BRn9sdIgc8hcXPpqmW5g,https://www.youtube.com/channel/UCm0BRn9sdIgc8hcXPpqmW5g,Phút 90+,https://yt3.ggpht.com/nEOyuJJHEjRhwFoH5NdHr9ATGQSFtxcHZiRohlvUllQE9HwFpD7h5CGhbbT4A8-yYtpiekxK2A=s88-c-k-c0x00ffffff-no-rj,YOUTUBE,LIVE,NULL,FALSE,0,2023-10-10 02:51:54.233+00,148,NULL,NULL,NULL,2023-05-23 05:13:17.692+00,2023-10-09 10:10:32.371+00,FALSE,"{""uploads"":""361"",""subscribe"":""17.6K"",""allViews"":""10031519"",""country"":"""",""type"":"""",""createdAt"":""2022-09-14T00:00:00.000Z""}",0,FALSE,1,FALSE,NULL
UCmBT5CqUxf3-K5_IU9tVtBg,https://www.youtube.com/@vnewstruyenhinhthongtan,VNEWS - TRUYỀN HÌNH THÔNG TẤN,,YOUTUBE,LIVE,NULL,FALSE,0,2023-10-10 02:51:54.233+00,4419,NULL,NULL,NULL,2023-05-23 05:13:17.697+00,2023-10-09 10:10:31.413+00,FALSE,"{""uploads"":"""",""subscribe"":"""",""allViews"":"""",""country"":"""",""type"":"""",""createdAt"":null}",0,FALSE,1,FALSE,NULL
UCnEbisgHK8d6i81a4GuoIzw,https://www.youtube.com/channel/UCnEbisgHK8d6i81a4GuoIzw,Goalddy Net,https://yt3.ggpht.com/3DvOiaPAfrLp0vUZgyO-6-kKQ5FJPlCHwCYOvIwUVcCjNCSOq_o2CxRcl2lnHgJHx7U4_Z6F=s88-c-k-c0x00ffffff-no-rj,YOUTUBE,LIVE,NULL,FALSE,0,2023-10-10 02:51:54.233+00,18,NULL,NULL,NULL,2023-05-23 05:13:17.706+00,2023-10-09 10:10:30.802+00,FALSE,"{""uploads"":""121"",""subscribe"":""3.65K"",""allViews"":""437671"",""country"":"""",""type"":"""",""createdAt"":""2018-06-17T00:00:00.000Z""}",0,FALSE,1,FALSE,NULL
UCnLu_gk-FZF7Jt5KoVQU52Q,https://www.youtube.com/@vtvcabtintuc4387,VTVcab Tin tức,,YOUTUBE,LIVE,NULL,FALSE,0,2023-10-10 02:51:54.233+00,58,NULL,NULL,NULL,2023-05-23 05:13:17.711+00,2023-10-09 10:10:28.475+00,FALSE,"{""uploads"":"""",""subscribe"":"""",""allViews"":"""",""country"":"""",""type"":"""",""createdAt"":null}",0,FALSE,1,FALSE,NULL
UCnyj5ls3oHb2Tcmj8GlMDSQ,https://www.youtube.com/channel/UCnyj5ls3oHb2Tcmj8GlMDSQ,Loa Phường - Đọc Báo Giùm Bạn,https://yt3.ggpht.com/ytc/AGIKgqNidn0s8zqC4G-0RupYOd2hsZuQUHDoSyCVR7Mk=s88-c-k-c0x00ffffff-no-rj,YOUTUBE,LIVE,NULL,FALSE,0,2023-10-10 02:51:54.233+00,2348,NULL,NULL,NULL,2023-05-23 05:13:17.716+00,2023-10-09 10:10:24.199+00,FALSE,"{""uploads"":""9180"",""subscribe"":""11.5K"",""allViews"":""3077901"",""country"":""VN"",""type"":""news"",""createdAt"":""2020-12-18T00:00:00.000Z""}",0,FALSE,1,FALSE,NULL
UCq7gNqNyDRpnR4Ewp8k1WgQ,https://www.youtube.com/channel/UCq7gNqNyDRpnR4Ewp8k1WgQ,36 thể thao,https://yt3.ggpht.com/OTFSSmhEJloc1oOWxVQwKcCMS7YYJpXlXO7KOFiR2zxu048-xWlqWHfuUOWFRFAI2R4wfb6U=s88-c-k-c0x00ffffff-no-rj,YOUTUBE,LIVE,NULL,FALSE,0,2023-10-10 02:51:54.233+00,147,NULL,NULL,NULL,2023-05-23 05:13:17.72+00,2023-10-09 10:10:14.596+00,FALSE,"{""uploads"":""633"",""subscribe"":""27.4K"",""allViews"":""11500433"",""country"":""US"",""type"":"""",""createdAt"":""2022-11-25T00:00:00.000Z""}",0,FALSE,1,FALSE,NULL
UCqUq3qU5j-BnfcWcs9_UaWQ,https://www.youtube.com/@BaoPhuNuTPHCM2021,Báo Phụ Nữ,,YOUTUBE,LIVE,NULL,FALSE,0,2023-10-10 02:51:54.233+00,139,NULL,NULL,NULL,2023-05-23 05:13:17.724+00,2023-10-09 10:10:13.437+00,FALSE,"{""uploads"":"""",""subscribe"":"""",""allViews"":"""",""country"":"""",""type"":"""",""createdAt"":null}",0,FALSE,1,FALSE,NULL
UCrI4iNMPZ2vT_G-TqRO6yrw,https://www.youtube.com/@vtvthethaoofficial,VTV Thể Thao,,YOUTUBE,LIVE,NULL,FALSE,0,2023-10-10 02:51:54.233+00,240,NULL,NULL,NULL,2023-05-23 05:13:17.74+00,2023-10-09 10:10:11.332+00,FALSE,"{""uploads"":"""",""subscribe"":"""",""allViews"":"""",""country"":"""",""type"":"""",""createdAt"":null}",0,FALSE,1,FALSE,NULL
UCuF_oNN2XCq4rvfWfbOQWKQ,https://www.youtube.com/@snewsvn,S News,,YOUTUBE,LIVE,NULL,FALSE,0,2023-10-10 02:51:54.233+00,370,NULL,NULL,NULL,2023-05-23 05:13:17.748+00,2023-10-09 10:10:10.642+00,FALSE,"{""uploads"":"""",""subscribe"":"""",""allViews"":"""",""country"":"""",""type"":"""",""createdAt"":null}",0,FALSE,1,FALSE,NULL
UCuYuROF9VrNAmoztXaM_O7Q,https://www.youtube.com/channel/UCuYuROF9VrNAmoztXaM_O7Q,Viva24h Bóng Đá,https://yt3.ggpht.com/5F79aXcrJtUNvqY64ey44G7mn2PPNuI3hHKWqajUYNA6t2Kg1C6ZymmLw4HgZJIunLC5_MfW=s88-c-k-c0x00ffffff-no-rj,YOUTUBE,LIVE,NULL,FALSE,0,2023-10-10 02:51:54.233+00,11,NULL,NULL,NULL,2023-05-23 05:13:17.752+00,2023-10-09 10:10:07.659+00,FALSE,"{""uploads"":""1546"",""subscribe"":""242K"",""allViews"":""528539290"",""country"":""GB"",""type"":"""",""createdAt"":""2022-05-06T00:00:00.000Z""}",0,FALSE,1,FALSE,NULL
UCxgM0479aF4tTYk2aPDn39Q,https://www.youtube.com/channel/UCxgM0479aF4tTYk2aPDn39Q,Thể Thao 247,https://yt3.ggpht.com/I6FCYDr7S_faI5fjMePaLsQ8ODxWjQwg3MtGMjDlLAFe7kJI0YzuCXrZj9jda6WlgrZFkomuOg=s88-c-k-c0x00ffffff-no-rj,YOUTUBE,LIVE,NULL,FALSE,0,2023-10-10 02:51:54.233+00,61,NULL,NULL,NULL,2023-05-23 05:13:17.766+00,2023-10-09 10:10:06.913+00,FALSE,"{""uploads"":""2163"",""subscribe"":""327K"",""allViews"":""97375642"",""country"":""VN"",""type"":""sports"",""createdAt"":""2018-07-28T00:00:00.000Z""}",0,FALSE,1,FALSE,NULL
UCzcqp1FI8gMypSAIHJF4fHA,https://www.youtube.com/channel/UCzcqp1FI8gMypSAIHJF4fHA,Hoàng Kèo Bóng,https://yt3.ggpht.com/rBXuOy7HcVlYxzoXPVLIIdXhLBWUVMmWN0uUsx204vsTUm2IGT0ywF15zkUlzlT27aV1EaiN=s88-c-k-c0x00ffffff-no-rj,YOUTUBE,LIVE,NULL,FALSE,0,2023-10-10 02:51:54.233+00,78,NULL,NULL,NULL,2023-05-23 05:13:17.77+00,2023-10-09 10:10:03.468+00,FALSE,"{""uploads"":""83"",""subscribe"":""243"",""allViews"":""19608"",""country"":"""",""type"":"""",""createdAt"":""2022-11-12T00:00:00.000Z""}",0,FALSE,1,FALSE,NULL
a06b27aa-4f7a-493f-a403-47cf39688ec4,https://baotintuc.vn/quan-su-514ct0.htm,baotintuc.vn,https://icon.horse/icon/baotintuc.vn,WEBSITE,LIVE,NULL,FALSE,0,2023-11-17 04:51:57.869+00,422,NULL,NULL,NULL,2023-10-30 07:36:19.444+00,2023-10-30 07:36:19.444+00,TRUE,NULL,0,FALSE,NULL,TRUE,d86cda15-aaae-48c3-8fab-4055ec0bd9fb
a0738ee9-ba45-4a05-8267-a8f7748e377a,https://vtv.vn/giao-duc.htm,vtv.vn,https://icon.horse/icon/vtv.vn,WEBSITE,LIVE,NULL,FALSE,0,2023-11-17 04:50:33.545+00,330,NULL,NULL,NULL,2023-10-30 08:08:04.719+00,2023-10-30 08:08:04.719+00,TRUE,NULL,0,FALSE,NULL,TRUE,c6e10daf-6ead-4066-bd93-329d003cf621
a4589b8e-c8d3-4dd0-90b7-413683106f62,https://baotintuc.vn/the-gioi-130ct0.htm,baotintuc.vn,https://icon.horse/icon/baotintuc.vn,WEBSITE,LIVE,NULL,FALSE,0,2023-11-17 04:52:16.799+00,594,NULL,NULL,NULL,2023-10-30 07:36:19.444+00,2023-10-30 07:36:19.444+00,TRUE,NULL,0,FALSE,NULL,TRUE,d86cda15-aaae-48c3-8fab-4055ec0bd9fb
a52e755a-e13f-44ad-b799-3853501c0ea2,https://vietnamnet.vn/thoi-su,vietnamnet.vn,https://icon.horse/icon/vietnamnet.vn,WEBSITE,LIVE,NULL,FALSE,0,2023-11-17 04:51:16.564+00,310,NULL,NULL,NULL,2023-10-30 07:31:11.081+00,2023-10-30 07:31:11.081+00,TRUE,NULL,0,FALSE,NULL,TRUE,f4de6b67-0c69-4642-989f-4a6b75ab04d7
a5e07e1d-3df8-42f9-8dab-05305a3e4d29,https://www.facebook.com/realmadridcf.vietnam,Official Real Madrid Fan Club in Vietnam,https://scontent-sin6-2.xx.fbcdn.net/v/t39.30808-1/328723821_863527841382577_6799007432435852433_n.jpg?stp=cp0_dst-jpg_p40x40&_nc_cat=108&ccb=1-7&_nc_sid=5f2048&_nc_ohc=_13tJQ7V4SEAX_ACm2P&_nc_ht=scontent-sin6-2.xx&oh=00_AfAloCawtSuBycP1Y1FTAjd0R8VNImq_VH42FiRB9LHjVg&oe=655BE6D5,FB_PAGE,LIVE,1.00064E+14,FALSE,0,2023-11-17 01:41:53.709+00,1104,NULL,NULL,NULL,2023-06-01 03:02:19.361+00,2023-11-17 01:39:32.384+00,TRUE,NULL,0,FALSE,1,FALSE,NULL
a6f78d88-71b9-4a0c-82ba-02673498f6b0,https://vtv.vn/van-hoa-giai-tri.htm,vtv.vn,https://icon.horse/icon/vtv.vn,WEBSITE,LIVE,NULL,FALSE,0,2023-11-17 04:51:09.651+00,829,NULL,NULL,NULL,2023-10-30 07:37:11.665+00,2023-10-30 07:37:11.665+00,TRUE,NULL,0,FALSE,NULL,TRUE,a76c4bf6-735a-4ba1-a2fc-2aeb9abb322c
a6fff542-0798-465f-a7eb-f7a03f95bab1,https://dantri.com.vn/xa-hoi.htm,dantri.com.vn,https://icon.horse/icon/dantri.com.vn,WEBSITE,LIVE,NULL,FALSE,0,2023-11-17 04:51:27.942+00,622,NULL,NULL,NULL,2023-10-30 07:31:11.084+00,2023-10-30 07:31:11.084+00,TRUE,NULL,0,FALSE,NULL,TRUE,f4de6b67-0c69-4642-989f-4a6b75ab04d7
a72531f2-5760-4f12-8a34-3353f93fe724,https://thethaovanhoa.vn/bong-da-anh.htm,thethaovanhoa.vn,https://icon.horse/icon/thethaovanhoa.vn,WEBSITE,LIVE,NULL,FALSE,0,2023-11-17 04:50:33.269+00,183,NULL,NULL,NULL,2023-10-30 07:23:22.115+00,2023-10-30 07:23:22.115+00,TRUE,NULL,0,FALSE,NULL,TRUE,9d554d49-0490-4fa0-b136-2e6a9a4276f6
a7d60b61-be18-4e52-a7ec-28748ac58137,https://vtc.vn/the-thao-34.html,vtc.vn,https://icon.horse/icon/vtc.vn,WEBSITE,LIVE,NULL,FALSE,0,2023-11-17 04:50:33.549+00,476,NULL,NULL,NULL,2023-10-30 07:23:22.119+00,2023-10-30 07:23:22.119+00,TRUE,NULL,0,FALSE,NULL,TRUE,9d554d49-0490-4fa0-b136-2e6a9a4276f6
a851d59b-f28a-4e27-b676-4d78a6e62c04,https://www.facebook.com/blvquanghuy,BLV Quang Huy,https://scontent-hkg4-2.xx.fbcdn.net/v/t1.6435-1/162276993_283946696429172_6235135168523184486_n.jpg?stp=cp0_dst-jpg_e15_p74x74_q65&_nc_cat=1&ccb=1-7&_nc_sid=dbb9e7&efg=eyJpIjoiYiJ9&_nc_ohc=zpm7JivfXd0AX9NZl0V&_nc_ht=scontent-hkg4-2.xx&oh=00_AfCW0LxTGDlq-CRKhIFEV1__PW3gc_uq2dooBI0Eo6wuUg&oe=654CE8C1,FB_PAGE,LIVE,1.00071E+14,FALSE,0,2023-10-10 02:51:54.233+00,868,NULL,NULL,NULL,2023-05-23 17:06:32.876+00,2023-10-12 16:42:10.361+00,FALSE,NULL,0,FALSE,3,FALSE,NULL
a85ad353-df31-445b-aebf-56927901e576,https://eva.vn/tin-the-gioi-c263.html,eva.vn,https://icon.horse/icon/eva.vn,WEBSITE,LIVE,NULL,FALSE,0,2023-11-17 04:48:28.223+00,196,NULL,NULL,NULL,2023-10-30 07:36:19.443+00,2023-10-30 07:36:19.443+00,TRUE,NULL,0,FALSE,NULL,TRUE,d86cda15-aaae-48c3-8fab-4055ec0bd9fb
a9b041a6-062f-47da-87a0-953609c1b682,https://thanhnien.vn/thoi-su/phong-su--dieu-tra.htm,thanhnien.vn,https://icon.horse/icon/thanhnien.vn,WEBSITE,LIVE,NULL,FALSE,0,2023-11-17 04:50:33.596+00,398,NULL,NULL,NULL,2023-10-30 07:31:11.09+00,2023-10-30 07:31:11.09+00,TRUE,NULL,0,FALSE,NULL,TRUE,f4de6b67-0c69-4642-989f-4a6b75ab04d7
aeb50632-8010-4e0b-b335-2b4c186f8166,https://thanhnien.vn/giao-duc.htm,thanhnien.vn,https://icon.horse/icon/thanhnien.vn,WEBSITE,LIVE,NULL,FALSE,0,2023-11-17 04:51:35.951+00,358,NULL,NULL,NULL,2023-10-30 08:08:04.718+00,2023-10-30 08:08:04.718+00,TRUE,NULL,0,FALSE,NULL,TRUE,c6e10daf-6ead-4066-bd93-329d003cf621
b05d4fd6-167b-40ff-90bd-9bc52196401c,https://www.facebook.com/blvanhngoc,BLV Anh Ngọc,https://scontent-hkg4-2.xx.fbcdn.net/v/t39.30808-1/260664971_463553308462542_4707086376246089507_n.jpg?stp=cp0_dst-jpg_e15_p74x74_q65&_nc_cat=1&ccb=1-7&_nc_sid=5fac6f&efg=eyJpIjoiYiJ9&_nc_ohc=-ICszPeL5BoAX_368Xt&_nc_ht=scontent-hkg4-2.xx&oh=00_AfAyqirN_2iYdrYt2v19Lb3pGSv-JEc6Tx9hV9722q_zZA&oe=652AC2D6,FB_PAGE,LIVE,1.00071E+14,FALSE,0,2023-10-10 02:51:54.233+00,264,NULL,NULL,NULL,2023-05-23 17:06:32.857+00,2023-10-12 16:42:09.464+00,FALSE,NULL,0,FALSE,3,FALSE,NULL
b139e522-db40-47e9-9ad1-3d10fc3f1991,https://tuoitre.vn/the-gioi.htm,tuoitre.vn,https://icon.horse/icon/tuoitre.vn,WEBSITE,LIVE,NULL,FALSE,0,2023-11-17 04:51:14.001+00,388,NULL,NULL,NULL,2023-10-30 07:36:19.44+00,2023-10-30 07:36:19.44+00,TRUE,NULL,0,FALSE,NULL,TRUE,d86cda15-aaae-48c3-8fab-4055ec0bd9fb
b322a77d-d384-47b7-9015-b952bca06208,https://kenh14.vn/hoc-duong.chn,kenh14.vn,https://icon.horse/icon/kenh14.vn,WEBSITE,LIVE,NULL,FALSE,0,2023-11-17 04:51:02.828+00,237,NULL,NULL,NULL,2023-10-30 08:08:04.715+00,2023-10-30 08:08:04.715+00,TRUE,NULL,0,FALSE,NULL,TRUE,c6e10daf-6ead-4066-bd93-329d003cf621
b37639dd-d4c2-4de5-b3cc-c92eca601098,https://tuoitre.vn/the-thao.htm,tuoitre.vn,https://icon.horse/icon/tuoitre.vn,WEBSITE,LIVE,NULL,FALSE,0,2023-11-17 04:50:33.496+00,423,NULL,NULL,NULL,2023-10-30 07:23:22.119+00,2023-10-30 07:23:22.119+00,TRUE,NULL,0,FALSE,NULL,TRUE,9d554d49-0490-4fa0-b136-2e6a9a4276f6
b430e888-511b-460b-b61e-acfbff1bb928,https://nhandan.vn/giaoduc/,nhandan.vn,https://icon.horse/icon/nhandan.vn,WEBSITE,LIVE,NULL,FALSE,0,2023-11-17 04:51:32.841+00,147,NULL,NULL,NULL,2023-10-30 08:08:04.715+00,2023-10-30 08:08:04.715+00,TRUE,NULL,0,FALSE,NULL,TRUE,c6e10daf-6ead-4066-bd93-329d003cf621
b6fbe815-21f8-4e7b-8233-136bcf3925e7,https://dantri.com.vn/the-thao.htm,dantri.com.vn,https://icon.horse/icon/dantri.com.vn,WEBSITE,LIVE,NULL,FALSE,0,2023-11-17 04:51:11.089+00,628,NULL,NULL,NULL,2023-10-30 07:23:22.117+00,2023-10-30 07:23:22.117+00,TRUE,NULL,0,FALSE,NULL,TRUE,9d554d49-0490-4fa0-b136-2e6a9a4276f6
bce1d5ae-8c15-45fa-b8ec-a809eb387b70,https://www.24h.com.vn/an-ninh-hinh-su-c51.html,24h.com.vn,https://icon.horse/icon/www.24h.com.vn,WEBSITE,LIVE,NULL,FALSE,0,2023-11-17 04:48:28.102+00,11,NULL,NULL,NULL,2023-10-30 07:31:11.085+00,2023-10-30 07:31:11.085+00,TRUE,NULL,0,FALSE,NULL,TRUE,f4de6b67-0c69-4642-989f-4a6b75ab04d7
bdc38252-11ab-467b-9d5d-ea41bf540531,https://laodong.vn/giao-duc,laodong.vn,https://icon.horse/icon/laodong.vn,WEBSITE,LIVE,NULL,FALSE,0,2023-11-17 04:50:42.89+00,655,NULL,NULL,NULL,2023-10-30 08:08:04.713+00,2023-10-30 08:08:04.713+00,TRUE,NULL,0,FALSE,NULL,TRUE,c6e10daf-6ead-4066-bd93-329d003cf621
be6c4f8a-5bb3-4168-9e37-999b9c916692,https://www.24h.com.vn/bong-da-c48.html,24h.com.vn,https://icon.horse/icon/www.24h.com.vn,WEBSITE,LIVE,NULL,FALSE,0,2023-11-17 04:48:28.038+00,267,NULL,NULL,NULL,2023-10-30 07:23:22.118+00,2023-10-30 07:23:22.118+00,TRUE,NULL,0,FALSE,NULL,TRUE,9d554d49-0490-4fa0-b136-2e6a9a4276f6
c32360b6-609e-43ba-82a1-e5c2796f8ef1,https://kenh14.vn/star.chn,kenh14.vn,https://icon.horse/icon/kenh14.vn,WEBSITE,LIVE,NULL,FALSE,0,2023-11-17 04:50:33.402+00,218,NULL,NULL,NULL,2023-10-30 07:37:11.659+00,2023-10-30 07:37:11.659+00,TRUE,NULL,0,FALSE,NULL,TRUE,a76c4bf6-735a-4ba1-a2fc-2aeb9abb322c
c5589f79-bbe0-4226-8d39-591f3834fb68,https://www.facebook.com/blvbiencuong,,https://scontent-hkg4-2.xx.fbcdn.net/v/t39.30808-1/373472028_356919966907052_7932501462100451049_n.jpg?stp=cp0_dst-jpg_p40x40&_nc_cat=1&ccb=1-7&_nc_sid=5f2048&_nc_ohc=7C6F7RU6kWgAX8l5U_w&_nc_ht=scontent-hkg4-2.xx&oh=00_AfDeNLMpQH8nJEVQjEIUuQMdM8c-36acCGi3-Vdy0s4uMg&oe=655BDAD6,FB_PAGE,LIVE,1.00064E+14,FALSE,0,2023-11-17 01:47:16.092+00,647,NULL,NULL,NULL,2023-05-23 17:06:47.015+00,2023-11-17 01:39:32.384+00,TRUE,NULL,0,FALSE,1,FALSE,NULL
c632bba9-19f9-40e1-b03e-9a3576fd580c,https://kienthuc.net.vn/cong-dong-tre/,kienthuc.net.vn,https://icon.horse/icon/kienthuc.net.vn,WEBSITE,LIVE,NULL,FALSE,0,2023-11-17 04:50:33.558+00,392,NULL,NULL,NULL,2023-10-30 07:31:11.1+00,2023-10-30 07:31:11.1+00,TRUE,NULL,0,FALSE,NULL,TRUE,f4de6b67-0c69-4642-989f-4a6b75ab04d7
c8d68b04-bd13-4f3d-8135-2d3916870ae5,https://www.anninhthudo.vn/doi-song/,anninhthudo.vn,https://icon.horse/icon/www.anninhthudo.vn,WEBSITE,LIVE,NULL,FALSE,0,2023-11-17 04:51:13.443+00,356,NULL,NULL,NULL,2023-10-30 07:31:11.094+00,2023-10-30 07:31:11.094+00,TRUE,NULL,0,FALSE,NULL,TRUE,f4de6b67-0c69-4642-989f-4a6b75ab04d7
c97d97bd-6bb7-4856-b09f-339f0495724d,https://www.facebook.com/neuconfessions,NEU Confessions,https://scontent-xsp1-2.xx.fbcdn.net/v/t39.30808-1/348582025_648131187345444_3802393917642874270_n.jpg?stp=c9.0.40.40a_cp0_dst-jpg_p40x40&_nc_cat=1&ccb=1-7&_nc_sid=754033&_nc_ohc=rKdLCRD5Fv4AX_Zc--H&_nc_ht=scontent-xsp1-2.xx&oh=00_AfC-dWVmH5nO_kudpOxNoQTw2LUaNy-yhhs2vNJ6X2Y6zA&oe=64FB4637,FB_PAGE,LIVE,1.00064E+14,FALSE,0,2023-11-17 01:43:12.373+00,305,NULL,NULL,NULL,2023-06-07 09:41:40.508+00,2023-11-17 01:39:32.384+00,TRUE,NULL,0,FALSE,1,FALSE,NULL
ca8da6b7-fd30-415b-b4e6-5db4e24ba7ad,https://eva.vn/lang-sao-c20.html,eva.vn,https://icon.horse/icon/eva.vn,WEBSITE,LIVE,NULL,FALSE,0,2023-11-17 04:48:28.191+00,1,NULL,NULL,NULL,2023-10-30 07:37:11.664+00,2023-10-30 07:37:11.664+00,TRUE,NULL,0,FALSE,NULL,TRUE,a76c4bf6-735a-4ba1-a2fc-2aeb9abb322c
cc6d66f0-84e4-4b56-85a1-38d4df27bd89,https://laodong.vn/cong-nghe,laodong.vn,https://icon.horse/icon/laodong.vn,WEBSITE,LIVE,NULL,FALSE,0,2023-11-17 04:51:08.819+00,615,NULL,NULL,NULL,2023-10-30 08:05:26.683+00,2023-10-30 08:05:26.683+00,TRUE,NULL,0,FALSE,NULL,TRUE,b372f16a-068c-413d-a7dd-54f3a098fdff
ce224d25-d81a-45dc-b896-c23b0d486799,https://anninhthudo.vn,anninhthudo.vn,https://icon.horse/icon/www.anninhthudo.vn,WEBSITE,LIVE,NULL,FALSE,0,2023-11-17 04:50:32.312+00,248,NULL,NULL,NULL,2023-10-30 07:23:22.121+00,2023-10-30 07:23:22.121+00,TRUE,NULL,0,FALSE,NULL,TRUE,9d554d49-0490-4fa0-b136-2e6a9a4276f6
d05081b8-682c-4694-86cd-9005a9652913,https://thanhnien.vn/the-thao.htm,thanhnien.vn,https://icon.horse/icon/thanhnien.vn,WEBSITE,LIVE,NULL,FALSE,0,2023-11-17 04:50:33.605+00,2172,NULL,NULL,NULL,2023-10-30 07:23:22.122+00,2023-10-30 07:23:22.122+00,TRUE,NULL,0,FALSE,NULL,TRUE,9d554d49-0490-4fa0-b136-2e6a9a4276f6
d059ded5-3cc9-4f8d-bc15-a2cbd5c2d64e,https://www.baogiaothong.vn/van-hoa-giai-tri.htm,baogiaothong.vn,https://icon.horse/icon/www.baogiaothong.vn,WEBSITE,LIVE,NULL,FALSE,0,2023-11-17 04:50:33.356+00,202,NULL,NULL,NULL,2023-10-30 07:37:11.665+00,2023-10-30 07:37:11.665+00,TRUE,NULL,0,FALSE,NULL,TRUE,a76c4bf6-735a-4ba1-a2fc-2aeb9abb322c
d248a2a8-12db-4d99-84bd-e9b4b5d0c509,https://kienthuc.net.vn/ban-doc-dieu-tra/,kienthuc.net.vn,https://icon.horse/icon/kienthuc.net.vn,WEBSITE,LIVE,NULL,FALSE,0,2023-11-17 04:52:43.987+00,256,NULL,NULL,NULL,2023-10-30 07:31:11.101+00,2023-10-30 07:31:11.101+00,TRUE,NULL,0,FALSE,NULL,TRUE,f4de6b67-0c69-4642-989f-4a6b75ab04d7
d353e390-fe64-4d2b-8cb9-8c58b962ce47,https://eva.vn/thoi-trang-c36.html,eva.vn,https://icon.horse/icon/eva.vn,WEBSITE,LIVE,NULL,FALSE,0,2023-11-17 04:49:28.801+00,2,NULL,NULL,NULL,2023-10-30 07:37:11.664+00,2023-10-30 07:37:11.664+00,TRUE,NULL,0,FALSE,NULL,TRUE,a76c4bf6-735a-4ba1-a2fc-2aeb9abb322c
d3d313cb-c369-4c8b-a22c-4c8d27055fb2,https://thanhnien.vn/cong-nghe-game.htm,thanhnien.vn,https://icon.horse/icon/thanhnien.vn,WEBSITE,LIVE,NULL,FALSE,0,2023-11-17 04:50:33.613+00,221,NULL,NULL,NULL,2023-10-30 08:05:26.683+00,2023-10-30 08:05:26.683+00,TRUE,NULL,0,FALSE,NULL,TRUE,b372f16a-068c-413d-a7dd-54f3a098fdff
d3fbde4b-c480-4481-bce6-52b1f2505def,https://nhandan.vn/phapluat/,nhandan.vn,https://icon.horse/icon/nhandan.vn,WEBSITE,LIVE,NULL,FALSE,0,2023-11-17 04:51:39.285+00,320,NULL,NULL,NULL,2023-10-30 07:31:11.098+00,2023-10-30 07:31:11.098+00,TRUE,NULL,0,FALSE,NULL,TRUE,f4de6b67-0c69-4642-989f-4a6b75ab04d7
d4fdd53e-a874-49ed-aaaa-4b38c0752167,https://www.facebook.com/sang.huynh.dr,Huỳnh Phước Sang,https://scontent-xsp1-2.xx.fbcdn.net/v/t39.30808-1/317686514_5548275691887098_7777623090255672391_n.jpg?stp=cp0_dst-jpg_p40x40&_nc_cat=106&ccb=1-7&_nc_sid=f67be1&_nc_ohc=Du1hF0t3GpcAX_ODYqB&_nc_ht=scontent-xsp1-2.xx&oh=00_AfA1eIo_WRas4-mdULIu7d4S-WRQWsrs9bp_eHChBFcAjw&oe=64D4A7FC,FB_ACCOUNT,LIVE,1.00071E+14,FALSE,0,2023-10-10 02:51:54.233+00,17,NULL,NULL,NULL,2023-05-23 17:05:44.622+00,2023-10-12 16:42:31.413+00,FALSE,NULL,0,FALSE,1,FALSE,NULL
d78f756d-4a6a-4efa-b4c8-aaaf91b43c01,https://tienphong.vn/giao-duc/,tienphong.vn,https://icon.horse/icon/tienphong.vn,WEBSITE,LIVE,NULL,FALSE,0,2023-11-17 04:51:25.238+00,56,NULL,NULL,NULL,2023-10-30 08:08:04.715+00,2023-10-30 08:08:04.715+00,TRUE,NULL,0,FALSE,NULL,TRUE,c6e10daf-6ead-4066-bd93-329d003cf621
d8e8883c-22f9-4aab-9eb5-07e589534b98,https://laodong.vn/the-thao,laodong.vn,https://icon.horse/icon/laodong.vn,WEBSITE,LIVE,NULL,FALSE,0,2023-11-17 04:51:08.816+00,926,NULL,NULL,NULL,2023-10-30 07:23:22.119+00,2023-10-30 07:23:22.119+00,TRUE,NULL,0,FALSE,NULL,TRUE,9d554d49-0490-4fa0-b136-2e6a9a4276f6
d971e37d-d3c0-4a5e-989c-ef83566df3cb,https://www.24h.com.vn/chinh-tri-xa-hoi-c981.html,24h.com.vn,https://icon.horse/icon/www.24h.com.vn,WEBSITE,LIVE,NULL,FALSE,0,2023-11-17 04:49:29.011+00,6,NULL,NULL,NULL,2023-10-30 07:31:11.085+00,2023-10-30 07:31:11.085+00,TRUE,NULL,0,FALSE,NULL,TRUE,f4de6b67-0c69-4642-989f-4a6b75ab04d7
da539a0d-f484-4e51-9625-66241ec21c85,https://www.facebook.com/blvanhquan,BLV Anh Quân,https://scontent-sin6-2.xx.fbcdn.net/v/t39.30808-1/346958945_990412145487798_7018233037592787113_n.jpg?stp=cp0_dst-jpg_p40x40&_nc_cat=108&ccb=1-7&_nc_sid=5f2048&_nc_ohc=Pm_BmWlGo6QAX_wK7Xo&_nc_ht=scontent-sin6-2.xx&oh=00_AfCSqG7oiYXX008a8JOBL6vNRZ_07OHOg4E9LnUcJXC9tQ&oe=655C29CB,FB_PAGE,LIVE,1.00064E+14,FALSE,0,2023-11-17 01:45:23.902+00,526,NULL,NULL,NULL,2023-05-23 17:06:52.531+00,2023-11-17 01:39:32.384+00,TRUE,NULL,0,FALSE,1,FALSE,NULL
dcae76fd-bda7-4789-96f1-6c613530c5ba,https://vtc.vn/giao-duc-31.html,vtc.vn,https://icon.horse/icon/vtc.vn,WEBSITE,LIVE,NULL,FALSE,0,2023-11-17 04:51:20.252+00,297,NULL,NULL,NULL,2023-10-30 08:08:04.713+00,2023-10-30 08:08:04.713+00,TRUE,NULL,0,FALSE,NULL,TRUE,c6e10daf-6ead-4066-bd93-329d003cf621
ddf8b80f-68e2-4140-ae9a-ca4ba3391fd6,https://eva.vn/doi-song-xa-hoi-c334.html,eva.vn,https://icon.horse/icon/eva.vn,WEBSITE,LIVE,NULL,FALSE,0,2023-11-17 04:49:29.055+00,42,NULL,NULL,NULL,2023-10-30 07:31:11.106+00,2023-10-30 07:31:11.106+00,TRUE,NULL,0,FALSE,NULL,TRUE,f4de6b67-0c69-4642-989f-4a6b75ab04d7
de7d4b53-ea02-4441-aac6-af743957e1b5,https://tienphong.vn/ban-doc/,tienphong.vn,https://icon.horse/icon/tienphong.vn,WEBSITE,LIVE,NULL,FALSE,0,2023-11-17 04:51:14.009+00,86,NULL,NULL,NULL,2023-10-30 07:31:11.102+00,2023-10-30 07:31:11.102+00,TRUE,NULL,0,FALSE,NULL,TRUE,f4de6b67-0c69-4642-989f-4a6b75ab04d7
df380653-1404-4295-94a8-21e2c69110a2,https://kienthuc.net.vn/the-thao/,kienthuc.net.vn,https://icon.horse/icon/kienthuc.net.vn,WEBSITE,LIVE,NULL,FALSE,0,2023-11-17 04:36:35.74+00,700,NULL,NULL,NULL,2023-10-30 07:23:22.122+00,2023-10-30 07:23:22.122+00,TRUE,NULL,0,FALSE,NULL,TRUE,9d554d49-0490-4fa0-b136-2e6a9a4276f6
dfe0fe35-26f9-45b3-bed1-02b65b7af8c1,https://plo.vn/quoc-te/,plo.vn,https://icon.horse/icon/plo.vn,WEBSITE,LIVE,NULL,FALSE,0,2023-11-17 04:50:56.042+00,290,NULL,NULL,NULL,2023-10-30 07:36:19.443+00,2023-10-30 07:36:19.443+00,TRUE,NULL,0,FALSE,NULL,TRUE,d86cda15-aaae-48c3-8fab-4055ec0bd9fb
e3aaea39-b939-4a68-a7ed-08502dba9832,https://vnexpress.net/giao-duc,vnexpress.net,https://icon.horse/icon/vnexpress.net,WEBSITE,LIVE,NULL,FALSE,0,2023-11-17 04:51:20.253+00,83,NULL,NULL,NULL,2023-10-30 08:08:04.71+00,2023-10-30 08:08:04.71+00,TRUE,NULL,0,FALSE,NULL,TRUE,c6e10daf-6ead-4066-bd93-329d003cf621
e3fa19e8-ab37-479c-8ae4-88dfd00c3b37,https://www.facebook.com/blvquangtung,BLV Quang Tùng,https://scontent-hkg4-1.xx.fbcdn.net/v/t1.6435-1/169391503_236914154572265_4277511886736520175_n.jpg?stp=cp0_dst-jpg_p40x40&_nc_cat=100&ccb=1-7&_nc_sid=c6021c&_nc_ohc=5hspDJGC94YAX8khy7g&_nc_ht=scontent-hkg4-1.xx&oh=00_AfCxwwkEAGr-LMkXqw3hObYpuR7XK6CSlkbtX1iJ4-F56A&oe=654D1BCA,FB_PAGE,LIVE,1.00071E+14,FALSE,0,2023-10-10 02:51:54.233+00,283,NULL,NULL,NULL,2023-05-23 17:05:44.73+00,2023-10-12 16:42:11.326+00,FALSE,NULL,0,FALSE,2,FALSE,NULL
e5b69caa-f082-4267-9275-4a9f6a776ae5,https://plo.vn/xa-hoi/,plo.vn,https://icon.horse/icon/plo.vn,WEBSITE,LIVE,NULL,FALSE,0,2023-11-17 04:50:56.516+00,273,NULL,NULL,NULL,2023-10-30 07:31:11.106+00,2023-10-30 07:31:11.106+00,TRUE,NULL,0,FALSE,NULL,TRUE,f4de6b67-0c69-4642-989f-4a6b75ab04d7
ea072629-1a70-4c38-9279-8e51dc55c19e,https://thethaovanhoa.vn/bong-da-viet-nam.htm,thethaovanhoa.vn,https://icon.horse/icon/thethaovanhoa.vn,WEBSITE,LIVE,NULL,FALSE,0,2023-11-17 04:51:09.529+00,191,NULL,NULL,NULL,2023-10-30 07:23:22.114+00,2023-10-30 07:23:22.114+00,TRUE,NULL,0,FALSE,NULL,TRUE,9d554d49-0490-4fa0-b136-2e6a9a4276f6
ed27dc8d-3fa4-404b-9470-f0343668e423,https://dantri.com.vn/giao-duc.htm,dantri.com.vn,https://icon.horse/icon/dantri.com.vn,WEBSITE,LIVE,NULL,FALSE,0,2023-11-17 04:51:34.934+00,565,NULL,NULL,NULL,2023-10-30 08:08:04.712+00,2023-10-30 08:08:04.712+00,TRUE,NULL,0,FALSE,NULL,TRUE,c6e10daf-6ead-4066-bd93-329d003cf621
edaec363-94c0-448f-8c11-b574a6840e56,https://thethaovanhoa.vn/the-gioi-sao.htm,thethaovanhoa.vn,https://icon.horse/icon/thethaovanhoa.vn,WEBSITE,LIVE,NULL,FALSE,0,2023-11-17 04:50:33.335+00,167,NULL,NULL,NULL,2023-10-30 07:23:22.116+00,2023-10-30 07:23:22.116+00,TRUE,NULL,0,FALSE,NULL,TRUE,9d554d49-0490-4fa0-b136-2e6a9a4276f6
ee06440c-d4ae-4df3-8c09-0fd934a5b534,https://www.24h.com.vn/doi-song-showbiz-c729.html,24h.com.vn,https://icon.horse/icon/www.24h.com.vn,WEBSITE,LIVE,NULL,FALSE,0,2023-11-17 04:49:28.884+00,103,NULL,NULL,NULL,2023-10-30 07:37:11.649+00,2023-10-30 07:37:11.649+00,TRUE,NULL,0,FALSE,NULL,TRUE,a76c4bf6-735a-4ba1-a2fc-2aeb9abb322c
ef3960be-9ae2-4f7c-bd95-4be2e6306f1f,https://vietnamnet.vn/phap-luat,vietnamnet.vn,https://icon.horse/icon/vietnamnet.vn,WEBSITE,LIVE,NULL,FALSE,0,2023-11-17 04:50:33.472+00,319,NULL,NULL,NULL,2023-10-30 07:31:11.083+00,2023-10-30 07:31:11.083+00,TRUE,NULL,0,FALSE,NULL,TRUE,f4de6b67-0c69-4642-989f-4a6b75ab04d7
ef6b682f-f4c4-47ef-a5f5-d943e29239ba,https://vtc.vn/giai-tri-33.html,vtc.vn,https://icon.horse/icon/vtc.vn,WEBSITE,LIVE,NULL,FALSE,0,2023-11-17 04:51:39.559+00,286,NULL,NULL,NULL,2023-10-30 07:37:11.651+00,2023-10-30 07:37:11.651+00,TRUE,NULL,0,FALSE,NULL,TRUE,a76c4bf6-735a-4ba1-a2fc-2aeb9abb322c
f0a81a52-c89f-4c65-8799-e32f65778a68,https://www.anninhthudo.vn/the-gioi/,anninhthudo.vn,https://icon.horse/icon/www.anninhthudo.vn,WEBSITE,LIVE,NULL,FALSE,0,2023-11-17 04:51:01.563+00,173,NULL,NULL,NULL,2023-10-30 07:36:19.442+00,2023-10-30 07:36:19.442+00,TRUE,NULL,0,FALSE,NULL,TRUE,d86cda15-aaae-48c3-8fab-4055ec0bd9fb
f27fe058-bdc1-4e85-87cf-1914182cb34a,https://tuoitre.vn/gia-that.htm,tuoitre.vn,https://icon.horse/icon/tuoitre.vn,WEBSITE,LIVE,NULL,FALSE,0,2023-11-17 04:50:33.233+00,857,NULL,NULL,NULL,2023-10-30 07:31:11.086+00,2023-10-30 07:31:11.086+00,TRUE,NULL,0,FALSE,NULL,TRUE,f4de6b67-0c69-4642-989f-4a6b75ab04d7
f312a01c-422d-43be-8e58-33fe29d2bbcb,https://www.facebook.com/topcomments.vn,TOP Comments,https://scontent-hkg4-2.xx.fbcdn.net/v/t39.30808-1/253279998_256936506478935_6055665072561673565_n.jpg?stp=cp0_dst-jpg_e15_p74x74_q65&_nc_cat=1&ccb=1-7&_nc_sid=5fac6f&efg=eyJpIjoiYiJ9&_nc_ohc=K60F9Yxc_aIAX9Yi7U3&_nc_ht=scontent-hkg4-2.xx&oh=00_AfBcZUt0jcNHLSNNDR0H7ze23qlatVASW_sBmMFlgEKoAA&oe=65290F0A,FB_PAGE,LIVE,1.00064E+14,FALSE,0,2023-11-17 01:40:58.014+00,200,NULL,NULL,NULL,2023-06-07 09:42:08.775+00,2023-11-17 01:39:32.384+00,TRUE,NULL,0,FALSE,1,FALSE,NULL
f8434ced-7f0d-4fe0-89ec-02f274e296b1,https://vtc.vn/tin-tuc-trong-ngay-105.html,vtc.vn,https://icon.horse/icon/vtc.vn,WEBSITE,LIVE,NULL,FALSE,0,2023-11-17 04:50:33.547+00,395,NULL,NULL,NULL,2023-10-30 07:31:11.088+00,2023-10-30 07:31:11.088+00,TRUE,NULL,0,FALSE,NULL,TRUE,f4de6b67-0c69-4642-989f-4a6b75ab04d7
fa0d07e2-2fff-4bd5-92cf-2963c416d4a7,https://vtv.vn/cong-nghe.htm,vtv.vn,https://icon.horse/icon/vtv.vn,WEBSITE,LIVE,NULL,FALSE,0,2023-11-17 04:51:16.792+00,568,NULL,NULL,NULL,2023-10-30 08:05:26.685+00,2023-10-30 08:05:26.685+00,TRUE,NULL,0,FALSE,NULL,TRUE,b372f16a-068c-413d-a7dd-54f3a098fdff
fd74830d-0a2c-42ed-b726-777cd2a30bd0,https://kenh14.vn/xa-hoi.chn,kenh14.vn,https://icon.horse/icon/kenh14.vn,WEBSITE,LIVE,NULL,FALSE,0,2023-11-17 04:51:28.035+00,252,NULL,NULL,NULL,2023-10-30 07:31:11.097+00,2023-10-30 07:31:11.097+00,TRUE,NULL,0,FALSE,NULL,TRUE,f4de6b67-0c69-4642-989f-4a6b75ab04d7
fdcb6110-9e84-46bb-8256-55aa55a1fa48,https://www.baogiaothong.vn/chat-luong-song/giao-duc.htm,baogiaothong.vn,https://icon.horse/icon/www.baogiaothong.vn,WEBSITE,LIVE,NULL,FALSE,0,2023-11-17 04:50:33.381+00,88,NULL,NULL,NULL,2023-10-30 08:08:04.716+00,2023-10-30 08:08:04.716+00,TRUE,NULL,0,FALSE,NULL,TRUE,c6e10daf-6ead-4066-bd93-329d003cf621
fdf2e39a-b014-4cab-8284-ad7b91d9a476,https://vnexpress.net/suc-khoe,vnexpress.net,https://icon.horse/icon/vnexpress.net,WEBSITE,LIVE,NULL,FALSE,0,2023-11-17 04:51:16.261+00,91,NULL,NULL,NULL,2023-11-15 10:18:41.917+00,2023-11-15 10:18:41.917+00,TRUE,NULL,0,FALSE,NULL,TRUE,NULL
fe165931-2b21-4260-974e-ce7ff19b4f8c,https://tienphong.vn/the-gioi/,tienphong.vn,https://icon.horse/icon/tienphong.vn,WEBSITE,LIVE,NULL,FALSE,0,2023-11-17 04:51:16.245+00,226,NULL,NULL,NULL,2023-10-30 07:36:19.443+00,2023-10-30 07:36:19.443+00,TRUE,NULL,0,FALSE,NULL,TRUE,d86cda15-aaae-48c3-8fab-4055ec0bd9fb
ff09acd1-5b83-41e7-ae5f-753cd6b5b3df,https://www.vietnamplus.vn/thethao.vnp,vietnamplus.vn,https://icon.horse/icon/www.vietnamplus.vn,WEBSITE,LIVE,NULL,FALSE,0,2023-11-17 04:50:33.577+00,653,NULL,NULL,NULL,2023-10-30 07:23:22.12+00,2023-10-30 07:23:22.12+00,TRUE,NULL,0,FALSE,NULL,TRUE,9d554d49-0490-4fa0-b136-2e6a9a4276f6
